Rank,School,Games,Wins,Losses,Win_Pct,SRS,SOS,Conf_W,Wins.1,Losses.1,Column_11,Wins.2,Losses.2,Home_L,Wins.3,Losses.3,Column_17,Points_For,Points_Against,Points_Dummy,Minutes_Played,FG,FGA,FG_Pct,3P,3PA,3P_Pct,FT,FTA,FT_Pct,ORB,TRB,AST,STL,BLK,TOV,PF,Season,NCAA_Tournament,PCA_Score,Tournament_Probability
17,Auburn,31,27,4,0.871,30.22,15.06,,15,3,,13,2,,8,2,,2640,2170,,1245,934,1925,0.485,291,782,0.372,481,644,0.747,366,1158,517,218,198,284,576,2025,False,2.0831916232107726,0.16926706024215862
4,Alabama,31,24,7,0.774,26.0,15.9,,13,5,,12,3,,9,3,,2826,2513,,1250,962,1988,0.484,322,919,0.35,580,809,0.717,408,1343,524,185,139,402,588,2025,False,1.936515819148778,0.14198184008003892
74,Duke,32,29,3,0.906,30.77,9.12,,19,1,,17,0,,10,1,,2665,1972,,1280,932,1905,0.489,329,863,0.381,472,599,0.788,363,1244,546,222,121,303,508,2025,False,1.8957531549246125,0.1350830865086211
87,Florida,31,27,4,0.871,27.05,10.76,,14,4,,15,1,,7,3,,2619,2114,,1240,932,1989,0.469,307,871,0.352,448,630,0.711,433,1315,491,244,147,331,521,2025,False,1.7670678659991177,0.11506090611931698
104,Gonzaga,33,25,8,0.758,23.8,6.8,,14,4,,13,2,,8,2,,2859,2298,,1335,1049,2100,0.5,242,703,0.344,519,648,0.801,369,1274,649,251,98,311,550,2025,False,1.7302629127995104,0.10979251656251406
138,Kentucky,32,22,10,0.688,22.47,13.9,,10,8,,15,3,,4,6,,2745,2471,,1285,959,1977,0.485,312,829,0.376,515,694,0.742,326,1236,544,217,130,349,555,2025,False,1.665784247920431,0.1010175613985342
11,Arizona,32,21,11,0.656,23.13,13.19,,14,6,,13,3,,6,5,,2629,2311,,1290,921,1949,0.473,219,682,0.321,568,723,0.786,395,1273,535,252,138,369,529,2025,False,1.5849965947968787,0.0907923440279888
114,Houston,32,28,4,0.875,28.12,12.28,,19,1,,16,1,,10,0,,2377,1870,,1305,867,1883,0.46,255,640,0.398,388,528,0.735,396,1159,392,257,147,299,529,2025,False,1.5725442726994858,0.08928845493971761
127,Iowa State,33,24,9,0.727,23.16,10.85,,13,7,,15,2,,6,5,,2652,2246,,1340,920,1918,0.48,253,707,0.358,559,738,0.757,341,1169,496,309,115,393,531,2025,False,1.5630293337413015,0.08815187451708945
290,St. John's (NY),32,28,4,0.875,21.14,8.52,,18,2,,18,0,,8,2,,2515,2111,,1300,942,2095,0.45,193,643,0.3,438,636,0.689,470,1310,506,297,170,358,531,2025,False,1.5255646046138265,0.0837802886138006
133,Kansas,33,21,12,0.636,20.8,13.86,,11,9,,14,3,,4,8,,2515,2286,,1335,959,2035,0.471,245,697,0.352,352,495,0.711,348,1272,584,206,157,386,469,2025,False,1.4868230983899107,0.0794287112562451
310,Texas Tech,32,25,7,0.781,24.21,10.28,,15,5,,15,3,,8,2,,2590,2144,,1300,913,1937,0.471,329,864,0.381,435,564,0.771,369,1176,536,209,95,322,501,2025,False,1.4603584007369463,0.07655155591556626
177,Michigan State,31,26,5,0.839,22.57,11.18,,17,3,,15,1,,8,2,,2431,2078,,1245,853,1843,0.463,183,606,0.302,542,687,0.789,372,1241,530,173,147,362,527,2025,False,1.4530841288684753,0.07577397093785518
301,Tennessee,31,25,6,0.806,24.8,12.18,,12,6,,16,1,,6,5,,2311,1920,,1240,807,1776,0.454,264,764,0.346,433,588,0.736,360,1154,493,216,158,328,471,2025,False,1.4254165759331956,0.07286757714995813
30,Brigham Young,32,24,8,0.75,20.25,9.22,,14,6,,15,2,,6,5,,2618,2265,,1305,931,1910,0.487,347,924,0.376,409,584,0.7,352,1198,557,229,101,387,513,2025,False,1.4176898677269203,0.07207017081605102
164,Maryland,31,24,7,0.774,23.11,8.21,,14,6,,17,2,,5,5,,2527,2065,,1246,903,1903,0.475,251,679,0.37,470,623,0.754,334,1156,448,241,139,330,483,2025,False,1.3696235077888392,0.06724567627617076
119,Illinois,32,21,11,0.656,22.46,12.25,,12,8,,13,4,,5,5,,2701,2374,,1291,928,2050,0.453,303,965,0.314,542,713,0.76,415,1356,482,142,130,364,516,2025,False,1.3681801385768857,0.0671043589694163
182,Mississippi State,33,21,12,0.636,17.67,12.06,,8,10,,10,5,,6,5,,2632,2447,,1335,945,2095,0.451,278,886,0.314,464,663,0.7,428,1259,504,304,152,351,573,2025,False,1.3574767392565439,0.06606275160658323
184,Missouri,32,22,10,0.688,20.73,9.36,,10,8,,18,2,,3,7,,2706,2342,,1285,894,1836,0.487,288,774,0.372,630,864,0.729,348,1100,447,303,88,344,581,2025,False,1.356401917836701,0.06595876941530984
60,Connecticut,32,23,9,0.719,18.26,8.32,,14,6,,14,2,,7,4,,2492,2174,,1300,880,1827,0.482,277,783,0.354,455,574,0.793,353,1144,573,172,206,364,576,2025,False,1.3454786093051687,0.06490832365990631
244,Purdue,32,22,10,0.688,21.37,13.8,,13,7,,14,2,,5,6,,2502,2260,,1280,891,1798,0.496,266,688,0.387,454,623,0.729,300,1034,516,213,55,337,514,2025,False,1.3271691549819307,0.06317311812421726
207,North Carolina,34,22,12,0.647,16.99,10.9,,13,7,,12,3,,6,6,,2757,2550,,1370,979,2055,0.476,273,764,0.357,526,711,0.74,333,1253,500,198,126,365,569,2025,False,1.3099411861442045,0.06156916359600083
199,New Mexico,32,26,6,0.813,15.39,5.81,,17,3,,16,1,,7,4,,2612,2263,,1290,932,2024,0.46,228,656,0.348,520,758,0.686,390,1266,486,286,167,371,563,2025,False,1.2722007180132988,0.05815055471863807
176,Michigan,31,22,9,0.71,19.34,12.44,,14,6,,13,3,,7,3,,2435,2221,,1250,858,1796,0.478,257,764,0.336,462,644,0.717,336,1171,493,177,115,446,526,2025,False,1.2443177885623304,0.055706455186829235
13,Arkansas,33,20,13,0.606,16.75,11.29,,8,10,,14,4,,4,6,,2528,2348,,1325,896,1922,0.466,235,706,0.333,501,683,0.734,304,1165,477,251,186,385,532,2025,False,1.2344018948556965,0.05485356689764001
331,Utah State,32,26,6,0.813,14.94,5.03,,15,5,,15,2,,7,4,,2597,2226,,1280,912,1847,0.494,289,778,0.371,484,686,0.706,359,1103,561,276,92,343,577,2025,False,1.2175198081316299,0.05342081601048897
231,Oregon,32,24,8,0.75,17.78,12.03,,12,8,,12,4,,7,4,,2451,2267,,1295,859,1882,0.456,250,728,0.343,483,632,0.764,331,1144,471,232,123,357,520,2025,False,1.1983961541856871,0.0518267791910345
52,Clemson,32,27,5,0.844,18.71,7.62,,18,2,,15,2,,9,3,,2446,2091,,1310,882,1886,0.468,274,735,0.373,408,534,0.764,356,1129,467,237,117,336,480,2025,False,1.1937635617335198,0.0514451981972176
286,Southern Methodist,33,23,10,0.697,15.03,6.13,,13,7,,12,5,,7,4,,2641,2347,,1320,935,1945,0.481,257,683,0.376,514,713,0.721,412,1267,515,263,119,396,551,2025,False,1.1789967309416334,0.05024060345197437
358,Wisconsin,32,24,8,0.75,20.72,10.97,,13,7,,14,3,,6,5,,2574,2262,,1285,865,1885,0.459,312,894,0.349,532,638,0.834,299,1159,467,173,69,316,527,2025,False,1.17055063882808,0.04955957351656466
155,Louisville,32,26,6,0.813,19.33,8.8,,18,2,,14,3,,9,2,,2534,2197,,1285,868,1899,0.457,307,922,0.333,491,659,0.745,355,1197,453,208,90,363,489,2025,False,1.1637101192616948,0.049012205284429636
126,Iowa,33,17,16,0.515,13.03,10.24,,7,13,,12,6,,2,8,,2722,2630,,1325,1011,2065,0.49,322,847,0.38,378,536,0.705,286,1056,605,219,138,323,509,2025,False,1.1634788653884236,0.04899376604291923
260,Saint Mary's (CA),33,28,5,0.848,17.91,5.91,,17,1,,16,1,,9,1,,2426,2002,,1330,894,1963,0.455,213,659,0.323,425,612,0.694,464,1313,511,206,130,323,496,2025,False,1.1538724883044333,0.04823154818103738
162,Marquette,32,23,9,0.719,19.33,10.24,,13,7,,14,3,,7,6,,2474,2183,,1290,896,2005,0.447,304,926,0.328,378,520,0.727,355,1089,449,290,119,289,508,2025,False,1.1537820646299426,0.048224408244698175
63,Creighton,32,23,9,0.719,16.45,10.16,,15,5,,15,2,,6,5,,2421,2220,,1290,865,1822,0.475,309,904,0.342,382,516,0.74,275,1217,553,120,150,400,351,2025,False,1.1536812640832612,0.04821644970197447
20,Baylor,33,19,14,0.576,19.5,13.66,,10,10,,13,3,,3,9,,2523,2282,,1345,894,1995,0.448,280,797,0.351,455,611,0.745,420,1187,482,252,95,363,538,2025,False,1.1489444348344748,0.04784336424345691
181,Mississippi,32,22,10,0.688,17.86,12.08,,10,8,,13,3,,5,6,,2490,2305,,1290,857,1930,0.444,268,774,0.346,508,689,0.737,297,1063,463,280,126,284,582,2025,False,1.1476166669030448,0.047739102379930634
325,UCLA,31,22,9,0.71,19.8,9.96,,13,7,,15,2,,5,5,,2322,2017,,1240,842,1785,0.472,226,638,0.354,412,584,0.705,327,1005,510,255,93,334,537,2025,False,1.101772336578053,0.04422282077325458
100,Georgia,32,20,12,0.625,17.29,11.04,,8,10,,15,3,,3,7,,2418,2218,,1280,839,1810,0.464,223,666,0.335,517,721,0.717,378,1172,399,247,166,413,535,2025,False,1.0943651847497065,0.0436696632645389
306,Texas A&M,32,22,10,0.688,20.19,13.81,,11,7,,13,3,,5,5,,2378,2174,,1290,799,1919,0.416,224,721,0.311,556,800,0.695,518,1319,381,241,130,395,554,2025,False,1.0920358680999578,0.043496557729605034
170,Memphis,31,26,5,0.839,13.12,6.06,,16,2,,13,2,,11,2,,2480,2261,,1255,870,1822,0.477,240,618,0.388,500,705,0.709,357,1138,451,234,138,430,545,2025,False,1.0620403696949483,0.04130306881260665
226,Oklahoma,33,20,13,0.606,15.53,11.53,,6,12,,12,5,,2,7,,2602,2470,,1320,869,1841,0.472,285,771,0.37,579,729,0.794,275,1058,452,258,76,399,611,2025,False,1.033985077834222,0.03931016404624732
337,Vanderbilt,32,20,12,0.625,15.14,10.3,,8,10,,14,3,,3,7,,2548,2393,,1285,893,1979,0.451,259,796,0.325,503,673,0.747,374,1117,447,289,127,332,575,2025,False,1.033609898540906,0.039283890253060186
305,Texas,33,19,14,0.576,16.38,9.65,,6,12,,11,7,,4,6,,2595,2373,,1340,904,1958,0.462,252,696,0.362,533,715,0.745,335,1188,431,210,145,327,616,2025,False,1.0287512886095,0.03894453086243525
225,Ohio State,32,17,15,0.531,18.02,12.74,,9,11,,11,6,,4,7,,2522,2353,,1310,878,1884,0.466,261,710,0.368,505,675,0.748,305,1077,422,208,115,349,626,2025,False,1.0098537098612452,0.03764015892779807
362,Xavier,32,21,11,0.656,15.6,8.44,,13,7,,15,2,,5,7,,2497,2268,,1290,848,1818,0.466,264,680,0.388,537,676,0.794,255,1078,542,246,84,359,498,2025,False,0.9906034504461289,0.036336546734188485
123,Indiana,32,19,13,0.594,14.72,12.1,,10,10,,14,4,,4,6,,2389,2305,,1285,871,1902,0.458,203,632,0.321,444,629,0.706,349,1166,509,186,107,371,531,2025,False,0.9239408655916838,0.032011289447575184
341,Virginia Commonwealth,31,25,6,0.806,15.32,1.09,,15,3,,15,1,,7,3,,2416,1944,,1245,833,1859,0.448,299,883,0.339,451,606,0.744,415,1192,471,255,169,350,555,2025,False,0.9133377384945209,0.031349519028649075
268,Santa Clara,32,20,12,0.625,13.28,4.85,,12,6,,11,4,,6,5,,2601,2331,,1295,920,1970,0.467,347,921,0.377,414,569,0.728,364,1212,538,211,98,385,533,2025,False,0.8763975105631244,0.02909802031186363
282,Southern California,33,16,17,0.485,12.61,11.21,,7,13,,12,7,,3,7,,2537,2491,,1330,897,1861,0.482,237,645,0.367,506,678,0.746,287,1033,510,210,98,408,589,2025,False,0.8713573605212556,0.028797221967125735
324,UCF,33,17,16,0.515,10.8,11.61,,7,13,,13,5,,2,8,,2617,2644,,1340,875,2062,0.424,286,851,0.336,581,748,0.777,407,1214,464,258,148,418,568,2025,False,0.8554318023576598,0.0278566801195704
234,Penn State,31,16,15,0.516,13.74,7.87,,6,14,,11,6,,3,8,,2452,2270,,1240,858,1792,0.479,222,648,0.343,514,680,0.756,291,1045,496,250,126,384,512,2025,False,0.8501982396261725,0.02755084866065526
58,Colorado State,32,23,9,0.719,13.29,5.39,,16,4,,14,2,,7,4,,2406,2153,,1295,853,1784,0.478,272,762,0.357,426,540,0.789,262,1121,537,169,91,374,555,2025,False,0.8287146942919196,0.026312060674608267
322,UC San Diego,32,28,4,0.875,12.71,-2.33,,18,2,,13,2,,12,2,,2568,1983,,1280,881,1891,0.466,349,950,0.367,457,611,0.748,295,1082,507,327,66,280,525,2025,False,0.8284000309475045,0.026294113527792717
51,Cincinnati,33,18,15,0.545,14.7,9.88,,7,13,,12,5,,4,9,,2328,2169,,1320,888,1983,0.448,242,756,0.32,310,464,0.668,371,1138,452,242,145,338,459,2025,False,0.8105640391290453,0.02528599658003283
220,Northwestern,33,17,16,0.515,14.64,11.36,,7,13,,12,5,,2,9,,2390,2282,,1340,860,1951,0.441,222,667,0.333,448,611,0.733,361,1114,480,228,116,329,582,2025,False,0.7892455819164577,0.02410439895222349
347,Washington State,33,19,14,0.576,5.03,4.58,,8,10,,10,4,,4,7,,2601,2586,,1325,939,1913,0.491,290,794,0.365,433,620,0.698,329,1126,557,211,163,483,633,2025,False,0.7849350265740095,0.023868528300853103
169,McNeese State,33,27,6,0.818,9.0,-2.23,,19,1,,13,1,,10,2,,2549,2113,,1320,911,1901,0.479,252,702,0.359,475,669,0.71,385,1195,465,297,112,357,531,2025,False,0.7671128617124457,0.022904032169199364
266,San Francisco,33,24,9,0.727,11.12,4.37,,13,5,,16,2,,5,5,,2505,2273,,1325,876,1918,0.457,281,832,0.338,472,664,0.711,338,1162,455,222,113,392,621,2025,False,0.760451033463682,0.022547899439073833
330,Utah,32,16,16,0.5,12.06,8.96,,8,12,,15,4,,1,9,,2409,2310,,1285,845,1896,0.446,271,831,0.326,448,701,0.639,409,1275,561,204,117,401,592,2025,False,0.7551521315322696,0.022266316197204154
25,Boise State,32,23,9,0.719,14.27,5.4,,14,6,,13,2,,6,5,,2418,2108,,1285,820,1777,0.461,233,745,0.313,543,699,0.777,341,1164,459,174,84,354,512,2025,False,0.7461571857929689,0.02179172841122314
29,Bradley,34,26,8,0.765,6.36,0.08,,15,5,,13,3,,8,3,,2612,2339,,1380,918,1897,0.484,326,813,0.401,450,596,0.755,283,1171,493,226,128,392,569,2025,False,0.7442207729347933,0.02169011738061313
350,West Virginia,32,19,13,0.594,15.41,12.07,,10,10,,13,4,,4,7,,2181,2074,,1300,782,1842,0.425,277,849,0.326,340,472,0.72,288,1064,442,242,131,344,532,2025,False,0.7295130690915229,0.02092473687356407
237,Pittsburgh,32,17,15,0.531,13.68,8.65,,8,12,,13,4,,3,9,,2428,2267,,1290,834,1851,0.451,265,766,0.346,495,633,0.782,314,1068,429,233,132,319,526,2025,False,0.7233336151042772,0.02060650490030758
265,San Diego State,30,21,9,0.7,13.88,8.16,,14,6,,12,3,,6,4,,2126,1909,,1210,766,1726,0.444,231,690,0.335,361,542,0.666,305,1062,393,230,164,329,555,2025,False,0.699465971380144,0.019395660804639694
57,Colorado,34,14,20,0.412,10.6,12.16,,3,17,,11,7,,0,10,,2377,2430,,1370,824,1849,0.446,222,689,0.322,507,672,0.754,319,1190,481,240,133,491,570,2025,False,0.6921657304552861,0.01903104246349036
3,Akron,32,26,6,0.813,3.7,-4.5,,17,1,,16,0,,8,4,,2700,2370,,1285,980,2081,0.471,350,968,0.362,390,521,0.749,388,1262,588,251,119,392,575,2025,False,0.6897947571991407,0.018913193156509463
72,Drake,33,30,3,0.909,9.15,0.18,,17,3,,14,2,,10,1,,2313,1928,,1345,798,1659,0.481,219,617,0.355,498,706,0.705,339,1023,440,298,80,368,519,2025,False,0.6808636646263333,0.018471773063557028
144,Liberty,32,26,6,0.813,8.37,-1.42,,13,5,,12,3,,9,2,,2443,1992,,1285,880,1793,0.491,333,869,0.383,350,528,0.663,210,1068,541,217,93,326,423,2025,False,0.6684242780627105,0.017863487811449415
195,Nebraska,31,17,14,0.548,13.09,10.58,,7,13,,10,6,,5,7,,2337,2259,,1260,814,1798,0.453,225,693,0.325,484,647,0.748,285,1089,427,220,92,352,488,2025,False,0.6659224110734501,0.017742057977503545
111,High Point,34,29,5,0.853,5.49,-5.7,,14,2,,16,1,,7,3,,2795,2338,,1365,977,1978,0.494,280,770,0.364,561,735,0.763,383,1239,441,210,98,354,613,2025,False,0.659914044500596,0.01745167565678354
254,Rutgers,32,15,17,0.469,10.55,11.08,,8,12,,11,5,,3,8,,2465,2482,,1305,865,1939,0.446,231,703,0.329,504,702,0.718,358,1129,413,225,125,349,547,2025,False,0.6491748708126902,0.0169369813451905
135,Kansas State,33,16,17,0.485,11.38,10.16,,9,11,,10,6,,3,9,,2337,2297,,1325,856,1943,0.441,254,781,0.325,371,537,0.691,339,1118,505,244,114,399,515,2025,False,0.6453161017674487,0.016753388578101772
339,Villanova,33,19,14,0.576,13.42,7.54,,11,9,,14,3,,3,8,,2421,2227,,1320,842,1823,0.462,316,794,0.398,421,526,0.8,307,1114,413,187,76,328,510,2025,False,0.6163858473523549,0.01539927883112813
320,UC Irvine,32,27,5,0.844,8.22,-1.29,,17,3,,10,2,,14,3,,2423,2098,,1295,829,1822,0.455,219,625,0.35,546,681,0.802,296,1225,500,218,112,409,496,2025,False,0.610926123397136,0.01514809597068088
66,Dayton,31,22,9,0.71,9.6,4.66,,12,6,,16,2,,5,4,,2338,2169,,1255,793,1724,0.46,249,698,0.357,503,673,0.747,304,1058,473,223,103,326,480,2025,False,0.6035920312141582,0.014812831159505501
12,Arizona State,32,13,19,0.406,11.29,13.82,,4,16,,5,9,,3,8,,2366,2447,,1295,804,1836,0.438,281,786,0.358,477,659,0.724,282,1093,412,172,142,395,543,2025,False,0.5851074736432541,0.013978671026479348
216,Northern Colorado,34,25,9,0.735,1.73,-3.69,,15,3,,13,2,,9,6,,2750,2463,,1375,997,1952,0.511,285,757,0.376,471,648,0.727,272,1164,539,208,80,372,592,2025,False,0.5778126548467305,0.013653694690565463
152,Louisiana State,32,14,18,0.438,10.36,10.11,,3,15,,11,7,,2,8,,2363,2355,,1295,838,1885,0.445,250,820,0.305,437,612,0.714,330,1141,409,227,151,419,537,2025,False,0.5776405213692262,0.013646054922371944
328,UNC Wilmington,34,27,7,0.794,2.43,-4.38,,14,4,,15,3,,9,4,,2699,2377,,1375,945,2004,0.472,248,732,0.339,561,750,0.748,425,1316,518,222,119,372,565,2025,False,0.5771895266275753,0.013626044741713712
196,Nevada,33,17,16,0.515,9.84,5.66,,8,12,,11,6,,3,8,,2386,2248,,1329,845,1785,0.473,228,669,0.341,468,666,0.703,286,1071,497,205,119,335,578,2025,False,0.5747196444620895,0.013516618467648487
92,Florida State,32,17,15,0.531,8.85,6.85,,8,12,,11,5,,2,9,,2383,2319,,1285,834,1838,0.454,196,619,0.317,519,724,0.717,326,1107,417,243,152,393,611,2025,False,0.5713026781375384,0.013365677244715091
258,Saint Joseph's,32,21,11,0.656,8.3,0.99,,11,7,,13,4,,4,6,,2425,2191,,1285,839,1869,0.449,299,864,0.346,448,602,0.744,328,1176,483,201,178,365,459,2025,False,0.5671285588088899,0.013181987992253213
232,Oregon State,32,20,12,0.625,8.93,2.32,,10,8,,15,3,,3,7,,2441,2200,,1295,844,1745,0.484,228,620,0.368,525,668,0.786,302,1069,467,210,100,350,508,2025,False,0.5559983871395191,0.012695917350279074
292,Stanford,33,20,13,0.606,9.25,6.82,,11,9,,16,2,,3,8,,2409,2329,,1320,841,1939,0.434,274,803,0.341,453,575,0.788,355,1122,455,230,115,349,565,2025,False,0.5513701076634125,0.012495380889621013
291,St. Thomas,34,24,10,0.706,1.44,-4.08,,12,4,,14,0,,7,8,,2827,2544,,1365,976,1983,0.492,355,917,0.387,520,667,0.78,247,1063,523,244,108,324,613,2025,False,0.545551500107474,0.012244582612435665
146,Lipscomb,34,25,9,0.735,5.17,-4.77,,14,4,,15,3,,10,6,,2697,2289,,1365,939,1984,0.473,336,936,0.359,483,608,0.794,282,1218,514,236,104,324,427,2025,False,0.5441072690801905,0.012182557940911217
14,Arkansas State,34,24,10,0.706,5.3,-2.7,,13,5,,13,2,,8,5,,2692,2385,,1370,922,2174,0.424,315,982,0.321,533,730,0.73,457,1390,478,249,156,363,627,2025,False,0.5419364449440276,0.012089496988717533
106,Grand Canyon,31,24,7,0.774,5.73,-3.17,,13,3,,16,1,,5,4,,2448,2133,,1245,836,1824,0.458,196,622,0.315,580,798,0.727,350,1167,447,295,158,415,534,2025,False,0.5405508540050504,0.0120302036959874
345,Wake Forest,32,21,11,0.656,9.95,7.79,,13,7,,13,3,,6,6,,2246,2177,,1280,790,1782,0.443,179,628,0.285,487,644,0.756,284,1061,362,230,126,362,527,2025,False,0.5130572973660854,0.010870507919960175
35,Butler,33,14,19,0.424,10.38,10.35,,6,14,,9,8,,2,9,,2437,2436,,1325,830,1822,0.456,273,745,0.366,504,679,0.742,283,1155,461,134,93,365,444,2025,False,0.5067984831604592,0.010610932834104098
22,Belmont,33,22,11,0.667,2.14,0.08,,13,7,,11,5,,9,4,,2618,2529,,1325,945,2033,0.465,347,905,0.383,381,530,0.719,317,1142,568,229,104,371,514,2025,False,0.4986800358298212,0.010276643572960781
89,Florida Atlantic,32,18,14,0.563,4.48,2.16,,10,8,,8,5,,6,7,,2522,2400,,1295,901,1935,0.466,278,785,0.354,442,634,0.697,349,1182,514,207,140,373,548,2025,False,0.497333296167059,0.010221451513545445
263,Samford,32,22,10,0.688,1.62,-3.81,,12,6,,13,3,,9,6,,2667,2406,,1290,948,2053,0.462,344,944,0.364,427,591,0.723,418,1154,528,319,120,410,619,2025,False,0.4844099728793845,0.009695589933455716
103,Georgia Tech,33,17,16,0.515,7.41,6.47,,10,10,,14,5,,2,9,,2421,2390,,1340,876,1983,0.442,245,718,0.341,424,618,0.686,362,1232,485,192,122,403,528,2025,False,0.479895554399532,0.009513489978870072
180,Minnesota,32,15,17,0.469,8.63,10.29,,7,13,,10,9,,5,5,,2178,2231,,1305,796,1806,0.441,209,649,0.322,377,568,0.664,337,1084,488,193,151,346,561,2025,False,0.4673900100028742,0.009013320429628612
357,Winthrop,34,23,11,0.676,-1.34,-3.83,,11,5,,16,2,,5,8,,2879,2651,,1375,978,2064,0.474,275,804,0.342,648,970,0.668,421,1312,439,270,114,446,672,2025,False,0.4636036531673892,0.008863111457522808
99,Georgetown,32,17,15,0.531,8.77,5.93,,8,12,,14,5,,3,9,,2293,2202,,1280,857,1926,0.445,229,720,0.318,350,496,0.706,356,1125,458,254,122,374,499,2025,False,0.46251327085977717,0.008819960153810664
318,UAB,31,20,11,0.645,3.82,-1.31,,13,5,,14,4,,5,5,,2574,2375,,1245,945,2036,0.464,206,598,0.344,478,630,0.759,452,1228,504,212,132,310,478,2025,False,0.4612213699113953,0.008768894717748572
39,Cal State Northridge,32,22,10,0.688,2.8,-3.14,,14,6,,10,3,,10,6,,2580,2319,,1285,924,1974,0.468,215,617,0.348,517,709,0.729,413,1288,530,248,94,441,658,2025,False,0.4424636544711553,0.008034836696212504
95,Furman,34,25,9,0.735,0.11,-3.47,,11,7,,13,3,,9,5,,2638,2368,,1375,901,1970,0.457,370,1007,0.367,466,677,0.688,358,1241,580,225,114,380,509,2025,False,0.43054305565473483,0.007575445137310417
187,Montana,34,25,9,0.735,-1.0,-1.78,,15,3,,15,1,,7,8,,2614,2480,,1365,939,1871,0.502,249,692,0.36,487,662,0.736,244,1079,461,213,111,372,547,2025,False,0.42907231914164645,0.0075191450083637625
333,Utah Valley,31,24,7,0.774,2.17,-3.7,,15,1,,12,0,,10,6,,2364,2099,,1250,838,1785,0.469,187,553,0.338,501,731,0.685,336,1189,496,208,184,374,502,2025,False,0.4285487136093425,0.007499121247891375
299,TCU,32,16,16,0.5,10.95,12.1,,9,11,,14,3,,2,9,,2162,2199,,1285,780,1875,0.416,195,650,0.3,407,629,0.647,385,1114,389,243,110,372,501,2025,False,0.42652688077877576,0.007421900501794875
315,Troy,33,23,10,0.697,3.68,-2.77,,13,5,,11,4,,9,6,,2438,2159,,1320,829,1891,0.438,253,846,0.299,527,732,0.72,460,1273,459,311,156,447,550,2025,False,0.41322564709843934,0.006917754371103143
70,DePaul,33,14,19,0.424,6.07,7.49,,4,16,,11,8,,2,10,,2402,2449,,1350,860,1926,0.447,309,893,0.346,373,528,0.706,306,1140,518,202,120,407,543,2025,False,0.4083037477666273,0.006732896743327565
259,Saint Louis,32,19,13,0.594,4.67,2.5,,11,7,,14,3,,4,8,,2385,2248,,1290,849,1777,0.478,317,893,0.355,370,538,0.688,246,1134,487,206,100,409,469,2025,False,0.4038177291091392,0.006565200726725746
49,Chattanooga,33,24,9,0.727,1.06,-4.11,,15,3,,13,3,,10,5,,2602,2375,,1335,919,1913,0.48,319,876,0.364,445,580,0.767,272,1095,556,225,98,340,530,2025,False,0.3965461927258741,0.006294969629501931
227,Oklahoma State,32,15,17,0.469,6.97,10.87,,7,13,,12,3,,2,10,,2323,2448,,1280,781,1835,0.426,209,644,0.325,552,764,0.723,356,1116,404,288,89,438,623,2025,False,0.39392032289864104,0.006197866705091117
253,Robert Morris,34,26,8,0.765,0.04,-5.72,,15,5,,16,2,,8,6,,2613,2395,,1385,901,2000,0.451,257,734,0.35,554,767,0.722,423,1271,545,217,154,442,562,2025,False,0.3925068044913411,0.00614570120749058
178,Middle Tennessee,32,22,10,0.688,3.16,1.29,,12,6,,11,4,,8,5,,2437,2287,,1300,883,1953,0.452,239,762,0.314,432,641,0.674,372,1231,401,211,143,366,551,2025,False,0.38330972220556364,0.005808080255622187
307,Texas A&M-Corpus Christi,34,20,14,0.588,-0.93,-3.33,,12,8,,15,2,,4,11,,2576,2291,,1360,968,1976,0.49,199,580,0.343,441,699,0.631,381,1240,509,268,121,408,602,2025,False,0.35621321612971224,0.004831240523931839
297,Syracuse,33,14,19,0.424,5.41,8.5,,7,13,,11,6,,2,9,,2464,2566,,1350,897,1964,0.457,211,643,0.328,459,651,0.705,364,1224,448,161,83,415,542,2025,False,0.35436497814522344,0.00476557016097157
175,Miami (OH),32,24,8,0.75,-1.16,-5.69,,14,4,,15,1,,6,7,,2594,2333,,1285,934,1933,0.483,337,854,0.395,389,538,0.723,305,1091,524,263,114,392,567,2025,False,0.3511720967166579,0.0046524083801198456
32,Bryant,33,22,11,0.667,-2.05,-7.46,,14,2,,11,3,,10,7,,2721,2452,,1325,996,2171,0.459,261,773,0.338,468,655,0.715,443,1365,497,218,200,389,513,2025,False,0.35057906325620325,0.004631429905747653
206,North Alabama,34,24,10,0.706,1.75,-5.25,,14,4,,16,1,,7,9,,2691,2400,,1370,978,2127,0.46,263,746,0.353,472,669,0.706,422,1292,415,260,113,295,497,2025,False,0.34596400548842915,0.004468597326719493
156,Loyola (IL),31,21,10,0.677,3.46,-0.14,,12,6,,16,1,,5,5,,2299,2139,,1255,822,1771,0.464,271,755,0.359,384,578,0.664,305,1090,506,199,141,382,556,2025,False,0.3335350257425271,0.004033785864143411
97,George Mason,31,24,7,0.774,7.09,0.62,,15,3,,17,1,,7,6,,2194,1955,,1270,747,1647,0.454,208,603,0.345,492,696,0.707,315,1155,385,223,99,403,512,2025,False,0.32363279204177076,0.0036912165220597017
197,Nevada-Las Vegas,33,18,15,0.545,7.18,6.06,,11,9,,12,5,,5,7,,2285,2248,,1320,803,1826,0.44,210,631,0.333,469,654,0.717,306,1119,398,216,120,352,526,2025,False,0.3230354149294866,0.0036706584600576207
218,Northern Iowa,32,20,12,0.625,5.48,0.22,,14,6,,14,3,,5,5,,2355,2150,,1285,850,1737,0.489,228,616,0.37,427,612,0.698,263,1060,444,189,96,336,468,2025,False,0.3220892306332082,0.003638121710996294
273,South Carolina,32,12,20,0.375,10.31,11.97,,2,16,,10,8,,1,10,,2233,2286,,1290,741,1735,0.427,214,677,0.316,537,751,0.715,323,1100,405,181,94,396,514,2025,False,0.2922752457629692,0.0026285084848928185
153,Louisiana Tech,32,20,12,0.625,1.9,-0.27,,9,9,,11,4,,5,7,,2364,2188,,1300,830,1780,0.466,248,730,0.34,456,608,0.75,307,1166,485,205,131,402,505,2025,False,0.2788958963103709,0.0021851267045156254
346,Washington,31,13,18,0.419,6.37,10.87,,4,16,,9,9,,2,9,,2219,2339,,1250,788,1771,0.445,218,633,0.344,425,623,0.682,296,1011,399,200,120,373,569,2025,False,0.27468682787724763,0.0020468634938726506
363,Yale,27,20,7,0.741,7.19,-3.73,,13,1,,11,0,,7,6,,2219,1881,,1080,816,1661,0.491,205,532,0.385,382,520,0.735,308,1060,452,159,104,277,442,2025,False,0.27354205359352457,0.0020093594889905204
36,Cal Poly,34,16,18,0.471,-1.58,-0.28,,8,12,,9,5,,5,13,,2795,2805,,1380,982,2124,0.462,390,1086,0.359,441,575,0.767,345,1198,517,269,74,539,610,2025,False,0.2638049272085441,0.0016920907328044667
277,South Dakota State,32,20,12,0.625,2.6,-1.37,,11,5,,13,1,,4,8,,2546,2352,,1280,913,1937,0.471,277,791,0.35,443,593,0.747,374,1287,451,150,84,386,518,2025,False,0.2518034798648724,0.0013052692883187174
222,Notre Dame,33,15,18,0.455,7.51,7.36,,8,12,,11,5,,3,9,,2397,2392,,1355,851,1889,0.451,251,708,0.355,444,600,0.74,329,1158,376,184,58,366,518,2025,False,0.2475560474526542,0.0011694777476298455
40,California,33,14,19,0.424,5.96,7.17,,6,14,,11,6,,2,11,,2494,2534,,1360,838,2002,0.419,238,756,0.315,580,778,0.746,443,1238,345,208,122,383,544,2025,False,0.24595249603330588,0.0011183615754168132
179,Milwaukee,32,21,11,0.656,0.46,-3.68,,14,6,,13,3,,7,8,,2510,2295,,1290,907,1939,0.468,189,613,0.308,507,741,0.684,462,1253,457,246,105,423,562,2025,False,0.2449424329550867,0.0010862059942633208
56,College of Charleston,33,24,9,0.727,-0.21,-2.99,,13,5,,13,2,,7,5,,2549,2437,,1340,892,1962,0.455,276,782,0.353,489,683,0.716,307,1189,525,214,76,377,513,2025,False,0.24025734868220996,0.0009374792855517573
355,Wichita State,32,19,13,0.594,2.67,1.73,,8,10,,11,6,,5,6,,2357,2313,,1290,857,1915,0.448,160,533,0.3,483,666,0.725,374,1240,378,216,140,366,481,2025,False,0.2311268790516212,0.00064962958747573
243,Providence,32,12,20,0.375,7.63,8.79,,6,14,,10,6,,2,9,,2283,2320,,1285,807,1833,0.44,297,834,0.356,372,542,0.686,362,1186,413,159,109,407,550,2025,False,0.23010287572612537,0.0006175101801001621
98,George Washington,32,21,11,0.656,3.47,-1.92,,9,9,,13,4,,5,6,,2365,2158,,1295,809,1808,0.447,236,750,0.315,509,727,0.7,354,1135,452,287,99,392,484,2025,False,0.22182565480164204,0.00035908656997159574
229,Omaha,34,22,12,0.647,-0.96,-2.74,,13,3,,11,2,,7,9,,2654,2551,,1360,923,1981,0.466,283,772,0.367,525,725,0.724,336,1209,455,203,82,372,624,2025,False,0.19903906824169032,-0.00034138360867951717
136,Kennesaw State,32,19,13,0.594,0.73,1.0,,10,8,,12,3,,5,8,,2447,2336,,1290,831,1942,0.428,276,895,0.308,509,711,0.716,406,1296,427,213,136,443,601,2025,False,0.182730402675891,-0.0008330095558261481
323,UC Santa Barbara,33,21,12,0.636,1.08,-3.41,,11,9,,12,5,,7,7,,2476,2271,,1320,859,1831,0.469,334,858,0.389,424,555,0.764,285,1112,497,204,102,406,552,2025,False,0.18033150138405107,-0.0009046505727934029
120,Illinois State,33,19,14,0.576,1.95,-0.02,,10,10,,12,4,,5,7,,2492,2374,,1325,876,1833,0.478,330,879,0.375,410,548,0.748,257,1065,479,188,56,344,549,2025,False,0.17221736940973334,-0.00114570196385929
340,Virginia,32,15,17,0.469,6.18,8.18,,8,12,,10,7,,4,7,,2073,2137,,1280,739,1656,0.446,266,709,0.375,329,437,0.753,216,937,470,176,120,323,489,2025,False,0.1688204304256971,-0.001246037492035463
326,UNC Asheville,32,21,11,0.656,-5.05,-4.4,,11,5,,13,1,,6,9,,2630,2450,,1295,942,1993,0.473,255,732,0.348,491,686,0.716,362,1125,449,240,134,334,619,2025,False,0.15036020374915987,-0.0017853788932811164
289,St. Bonaventure,32,22,10,0.688,4.44,0.25,,9,9,,12,3,,7,6,,2219,2067,,1285,811,1802,0.45,199,630,0.316,398,542,0.734,299,1080,354,244,105,331,428,2025,False,0.14763193746183526,-0.0018642479109258168
249,Rhode Island,31,18,13,0.581,1.7,-0.27,,7,11,,14,3,,1,9,,2419,2328,,1255,828,1782,0.465,236,673,0.351,527,759,0.694,311,1160,430,184,104,401,508,2025,False,0.14721341308811847,-0.0018763276340954572
76,East Carolina,32,19,13,0.594,0.05,-0.65,,10,8,,12,6,,4,6,,2425,2340,,1305,850,1949,0.436,212,678,0.313,513,714,0.718,418,1197,418,244,146,350,497,2025,False,0.13826612655347414,-0.002133364405631777
267,San Jose State,34,15,19,0.441,0.95,4.52,,7,13,,7,8,,3,9,,2455,2495,,1375,870,1952,0.446,277,802,0.345,438,592,0.74,323,1159,444,201,105,394,535,2025,False,0.13693547001470419,-0.002171395308933552
359,Wofford,34,19,15,0.559,-0.17,-2.92,,10,8,,7,6,,8,8,,2561,2374,,1370,912,2013,0.453,329,966,0.341,408,617,0.661,442,1306,511,206,87,372,572,2025,False,0.133786802594454,-0.0022611846807951558
211,North Dakota State,32,21,11,0.656,1.53,-3.17,,10,6,,11,4,,8,6,,2595,2386,,1296,871,1826,0.477,380,955,0.398,473,610,0.775,286,1111,480,117,59,332,478,2025,False,0.13360929203042204,-0.0022662382695518984
163,Marshall,33,20,13,0.606,-2.07,-4.32,,12,6,,14,3,,5,9,,2499,2366,,1325,883,2004,0.441,260,807,0.322,473,683,0.693,412,1239,482,219,180,382,636,2025,False,0.13263852968359752,-0.0022938592626158792
53,Cleveland State,33,21,12,0.636,-1.8,-3.96,,14,6,,14,4,,7,7,,2403,2178,,1325,880,1954,0.45,214,641,0.334,429,593,0.723,401,1131,459,288,156,389,590,2025,False,0.1321215599471452,-0.0023085576069374926
213,North Texas,30,23,7,0.767,8.25,0.67,,14,4,,15,1,,7,5,,2046,1785,,1200,700,1537,0.455,208,574,0.362,438,566,0.774,297,978,316,229,74,313,453,2025,False,0.12817223585225831,-0.0024205933259461507
364,Youngstown State,34,21,13,0.618,-3.78,-4.91,,13,7,,10,5,,9,6,,2599,2446,,1370,884,2028,0.436,299,934,0.32,532,726,0.733,378,1242,469,236,179,416,624,2025,False,0.1188655807096062,-0.0026828642449472258
316,Tulane,31,18,13,0.581,1.48,-1.48,,12,6,,14,3,,4,7,,2313,2150,,1245,802,1766,0.454,239,702,0.34,470,617,0.762,287,1078,456,227,143,338,518,2025,False,0.11513100827961129,-0.00278742391925375
239,Portland State,32,19,13,0.594,-3.92,-4.78,,11,7,,13,1,,5,10,,2418,2227,,1285,913,1932,0.473,201,615,0.327,391,621,0.63,387,1179,468,264,157,407,560,2025,False,0.10070184746233966,-0.0031877590654939593
334,UTEP,33,18,15,0.545,-0.18,0.79,,7,11,,11,5,,4,8,,2392,2335,,1325,825,1879,0.439,241,686,0.351,501,701,0.715,295,1029,434,337,99,391,596,2025,False,0.09889940251722665,-0.0032373630195674866
236,Pepperdine,35,13,22,0.371,-2.44,2.94,,4,14,,7,9,,2,11,,2560,2681,,1400,923,2080,0.444,246,722,0.341,468,654,0.716,351,1226,555,213,96,386,550,2025,False,0.09261433448186634,-0.003409632659750795
131,Jacksonville State,32,21,11,0.656,1.57,-0.22,,12,6,,12,2,,7,7,,2374,2187,,1290,840,1883,0.446,243,700,0.347,451,586,0.77,349,1236,371,157,116,324,436,2025,False,0.091430882111565,-0.0034419493658874763
246,Queens (NC),33,19,14,0.576,-4.67,-4.44,,11,7,,9,5,,9,9,,2527,2445,,1335,878,1970,0.446,306,886,0.345,465,677,0.687,381,1232,527,217,175,414,560,2025,False,0.08895856821046774,-0.00350933792364903
245,Purdue Fort Wayne,32,19,13,0.594,-0.93,-4.0,,12,8,,12,2,,6,10,,2583,2388,,1295,918,1955,0.47,330,890,0.371,417,556,0.75,243,969,434,278,89,306,503,2025,False,0.08447997415552538,-0.003630988769263453
62,Cornell,27,17,10,0.63,0.89,-3.76,,9,5,,9,5,,8,5,,2296,2087,,1080,825,1658,0.498,304,809,0.376,342,456,0.75,248,948,521,174,86,327,443,2025,False,0.07654761553125244,-0.0038451207552638936
65,Davidson,33,17,16,0.515,1.63,1.07,,6,12,,11,6,,4,7,,2393,2334,,1320,859,1891,0.454,266,786,0.338,409,548,0.746,267,1095,491,188,83,318,488,2025,False,0.07618240919373018,-0.0038549385642936244
137,Kent State,32,22,10,0.688,1.29,-3.25,,11,7,,11,4,,8,5,,2369,2184,,1285,850,1938,0.439,231,735,0.314,438,577,0.759,414,1175,411,242,106,377,588,2025,False,0.0714341478874305,-0.003982259820838493
272,South Alabama,32,21,11,0.656,1.58,-4.05,,13,5,,13,4,,8,6,,2334,2066,,1310,814,1835,0.444,273,838,0.326,433,615,0.704,320,1130,461,299,84,297,430,2025,False,0.07114306911981907,-0.0039900452426468586
121,Illinois-Chicago,31,17,14,0.548,-0.43,0.78,,10,10,,9,5,,7,6,,2357,2286,,1260,831,1827,0.455,250,716,0.349,445,619,0.719,328,1119,476,210,97,375,548,2025,False,0.06590241971916151,-0.004129828778585334
141,Lamar,33,20,13,0.606,-2.08,-2.55,,14,6,,10,4,,9,6,,2306,2170,,1325,845,1979,0.427,230,653,0.352,386,562,0.687,441,1277,495,246,165,413,504,2025,False,0.06286775610657554,-0.004210437898811675
276,South Dakota,33,19,14,0.576,-5.33,-3.13,,9,7,,14,2,,4,11,,2812,2763,,1320,946,2104,0.45,260,811,0.321,660,925,0.714,393,1179,382,249,110,317,613,2025,False,0.05870769947993431,-0.004320543826187313
158,Loyola Marymount,32,17,15,0.531,1.59,3.34,,8,10,,11,6,,3,8,,2279,2290,,1280,821,1868,0.44,252,755,0.334,385,532,0.724,251,1068,423,185,126,333,527,2025,False,0.05789540158113961,-0.004341989848446099
205,Norfolk State,32,22,10,0.688,-3.29,-7.29,,11,3,,11,1,,8,9,,2503,2225,,1290,897,1817,0.494,177,532,0.333,532,699,0.761,320,1107,452,225,93,389,576,2025,False,0.05471529077270384,-0.004425782687623947
67,Delaware,36,16,20,0.444,-5.78,-3.81,,5,13,,8,7,,3,11,,2780,2803,,1440,988,2081,0.475,316,849,0.372,488,624,0.782,267,1151,510,230,108,426,597,2025,False,0.05426125711897606,-0.004437724311113115
321,UC Riverside,33,21,12,0.636,-0.13,0.51,,14,6,,14,1,,7,10,,2480,2449,,1340,878,2056,0.427,297,880,0.338,427,566,0.754,412,1236,430,181,81,366,602,2025,False,0.05336423574518686,-0.004461301105372125
300,Temple,32,17,15,0.531,0.22,0.09,,9,9,,12,2,,3,9,,2520,2487,,1310,840,1875,0.448,216,597,0.362,624,848,0.736,359,1165,347,205,119,351,575,2025,False,0.0491492093191938,-0.004571803707249713
194,NC State,31,12,19,0.387,6.01,6.82,,5,15,,12,6,,0,11,,2158,2183,,1245,764,1798,0.425,209,650,0.322,421,580,0.726,318,992,394,200,118,295,515,2025,False,-0.0012009585790652075,-0.005856409855671707
124,Indiana State,32,14,18,0.438,-3.01,-0.51,,8,12,,8,6,,4,9,,2563,2545,,1295,877,1884,0.465,323,931,0.347,486,649,0.749,294,1139,502,219,71,448,586,2025,False,-0.005151289991569478,-0.005954486547917744
203,Nicholls State,33,20,13,0.606,-2.08,-2.41,,13,7,,11,4,,8,8,,2443,2296,,1330,867,2025,0.428,252,729,0.346,457,667,0.685,396,1247,373,266,129,351,569,2025,False,-0.009189660808326658,-0.006054349353009039
283,Southern Illinois,33,14,19,0.424,-2.09,1.2,,8,12,,7,8,,5,7,,2405,2458,,1330,875,1896,0.461,222,632,0.351,433,641,0.676,338,1173,467,207,99,412,558,2025,False,-0.017471428637052734,-0.006257887716994037
360,Wright State,33,15,18,0.455,-4.81,-3.72,,8,12,,11,4,,3,12,,2551,2520,,1335,952,1928,0.494,279,726,0.384,368,521,0.706,307,1139,502,188,103,401,556,2025,False,-0.020977036153379095,-0.006343537428540186
309,Texas State,32,16,16,0.5,-3.43,-3.59,,9,9,,10,4,,4,10,,2439,2346,,1310,867,1869,0.464,190,518,0.367,515,681,0.756,389,1184,465,227,129,393,584,2025,False,-0.03533833476734623,-0.006691297796143962
353,Western Kentucky,32,17,15,0.531,-0.12,1.39,,8,10,,13,5,,4,9,,2395,2392,,1285,843,1997,0.422,262,797,0.329,447,617,0.724,297,1188,382,259,85,352,585,2025,False,-0.042308730367710864,-0.006858294857559739
45,Central Connecticut State,32,25,7,0.781,-4.03,-10.76,,14,2,,13,3,,12,3,,2312,2012,,1285,870,1827,0.476,226,654,0.346,346,466,0.742,273,1137,456,242,134,361,360,2025,False,-0.05332573982789324,-0.00711987846594762
224,Ohio,32,16,16,0.5,-2.42,-4.16,,10,8,,12,3,,3,10,,2554,2449,,1290,899,1915,0.469,275,769,0.358,481,632,0.761,261,1062,450,231,95,348,559,2025,False,-0.05370945499108713,-0.00712893741747506
343,Virginia Tech,32,13,19,0.406,3.07,7.07,,8,12,,8,9,,5,5,,2213,2341,,1295,785,1778,0.442,252,719,0.35,391,548,0.714,325,1066,404,174,62,430,544,2025,False,-0.05822937925743908,-0.007235384971770065
168,Massachusetts-Lowell,32,17,15,0.531,-7.14,-7.11,,6,10,,14,4,,3,11,,2543,2371,,1290,916,1843,0.497,226,639,0.354,485,628,0.772,274,1145,492,188,137,401,427,2025,False,-0.06491450981173777,-0.007391945297045715
130,Jacksonville,32,19,13,0.594,-3.18,-3.22,,12,6,,11,3,,7,9,,2308,2273,,1285,847,1925,0.44,235,652,0.36,379,557,0.68,404,1163,437,249,143,420,554,2025,False,-0.07003957814452806,-0.007511263470545596
75,Duquesne,32,13,19,0.406,1.94,1.65,,8,10,,9,7,,2,8,,2212,2155,,1290,795,1838,0.433,268,786,0.341,354,544,0.651,374,1091,442,227,136,387,564,2025,False,-0.07071167066020279,-0.007526865341841948
278,South Florida,32,13,19,0.406,-1.75,0.21,,6,12,,9,6,,2,10,,2381,2385,,1290,842,1899,0.443,226,711,0.318,471,654,0.72,329,1107,460,265,113,355,548,2025,False,-0.07443112624571176,-0.00761301898330153
192,Murray State,33,16,17,0.485,0.94,0.53,,9,11,,7,5,,6,8,,2371,2282,,1350,789,1823,0.433,251,730,0.344,542,751,0.722,331,1121,392,220,100,376,573,2025,False,-0.08079989324306533,-0.007759796479751974
274,South Carolina State,31,19,12,0.613,-4.68,-8.72,,11,3,,10,2,,7,10,,2471,2191,,1250,848,1809,0.469,214,603,0.355,561,794,0.707,386,1103,477,295,105,438,655,2025,False,-0.08553689535068625,-0.007868362965032256
174,Miami (FL),31,7,24,0.226,0.74,7.39,,3,17,,7,10,,0,10,,2294,2500,,1250,849,1849,0.459,223,712,0.313,373,488,0.764,293,977,399,198,106,339,445,2025,False,-0.10058596139348878,-0.008209877309932442
248,Radford,33,20,13,0.606,-2.4,-3.11,,9,7,,10,3,,7,9,,2441,2314,,1330,824,1813,0.454,242,664,0.364,551,722,0.763,375,1167,374,183,103,374,564,2025,False,-0.10142902519391467,-0.008228857686598555
336,Valparaiso,34,15,19,0.441,-2.75,0.04,,6,14,,10,7,,3,10,,2539,2513,,1375,873,2044,0.427,263,783,0.336,530,671,0.79,340,1172,409,199,127,331,557,2025,False,-0.11140288607019437,-0.008452194652988552
279,Southeast Missouri State,33,21,12,0.636,-4.57,-7.54,,15,5,,12,3,,8,7,,2442,2212,,1330,901,1974,0.456,242,726,0.333,398,551,0.722,278,1093,448,269,119,352,596,2025,False,-0.11441655634596039,-0.00851924039461003
80,Eastern Kentucky,32,18,14,0.563,-3.26,-3.86,,12,6,,10,3,,7,9,,2491,2408,,1300,883,2081,0.424,306,884,0.346,419,559,0.75,431,1183,417,276,112,315,535,2025,False,-0.11489803841859092,-0.008529933318188153
77,East Tennessee State,32,19,13,0.594,-0.85,-4.98,,12,6,,13,3,,6,9,,2301,2128,,1280,815,1880,0.434,271,779,0.348,400,605,0.661,404,1186,415,257,121,347,521,2025,False,-0.12617613723763174,-0.008778934251019922
223,Oakland,34,16,18,0.471,-2.58,-0.85,,11,9,,9,4,,6,11,,2402,2436,,1390,859,1968,0.436,255,836,0.305,429,614,0.699,411,1203,439,223,102,406,545,2025,False,-0.13299349018897602,-0.00892809344213296
132,James Madison,32,20,12,0.625,-1.55,-2.52,,13,5,,13,2,,5,8,,2365,2256,,1290,823,1874,0.439,287,830,0.346,432,573,0.754,360,1142,373,194,101,337,523,2025,False,-0.13595144974496184,-0.008992495998622972
327,UNC Greensboro,32,20,12,0.625,-0.78,-3.92,,13,5,,11,3,,8,6,,2332,2092,,1280,818,1850,0.442,294,790,0.372,402,547,0.735,350,1174,416,192,91,316,519,2025,False,-0.1389441327795111,-0.009057460997513384
262,Sam Houston,32,13,19,0.406,-2.47,1.7,,6,12,,9,4,,3,13,,2411,2433,,1295,827,1855,0.446,276,712,0.388,481,663,0.725,345,1129,412,205,93,405,565,2025,False,-0.14708054967518566,-0.009233106198835227
93,Fordham,33,12,21,0.364,-3.75,1.28,,3,15,,8,8,,2,10,,2452,2573,,1335,850,2008,0.423,272,836,0.325,480,668,0.719,400,1198,452,250,115,434,618,2025,False,-0.15224299441312933,-0.009343811899560989
150,Longwood,32,18,14,0.563,-4.34,-4.75,,7,9,,12,4,,5,7,,2504,2371,,1280,847,1830,0.463,206,620,0.332,604,831,0.727,362,1111,427,244,65,400,590,2025,False,-0.15683026909812475,-0.009441705001381126
313,Toledo,32,18,14,0.563,-5.84,-2.81,,10,8,,9,4,,6,9,,2513,2545,,1285,908,1960,0.463,188,557,0.338,509,683,0.745,347,1096,427,175,91,303,497,2025,False,-0.16089833180333735,-0.009528143142346682
212,North Florida,32,15,17,0.469,-7.93,-3.2,,8,10,,8,6,,7,10,,2651,2712,,1295,944,2125,0.444,409,1147,0.357,354,517,0.685,359,1145,521,202,104,358,573,2025,False,-0.16301599557549942,-0.009573000259026451
90,Florida Gulf Coast,32,18,14,0.563,-1.92,-4.21,,13,5,,11,5,,7,9,,2321,2233,,1280,883,1874,0.471,257,724,0.355,298,432,0.69,315,1125,452,179,75,338,471,2025,False,-0.16451078833226337,-0.00960460635515599
159,Maine,33,20,13,0.606,-5.65,-8.17,,10,6,,10,3,,8,10,,2350,2169,,1325,871,1872,0.465,224,627,0.357,384,522,0.736,247,1005,495,296,121,340,500,2025,False,-0.16510375798046814,-0.009617131101816629
167,Massachusetts,32,12,20,0.375,-2.35,0.88,,7,11,,8,8,,4,7,,2333,2399,,1300,841,2053,0.41,185,658,0.281,466,702,0.664,456,1269,413,249,155,375,580,2025,False,-0.16622966396254044,-0.009640892138242135
73,Drexel,33,18,15,0.545,-3.26,-5.23,,9,9,,8,6,,7,7,,2322,2207,,1345,870,1898,0.458,254,706,0.36,328,469,0.699,364,1214,430,161,150,402,486,2025,False,-0.1718840090353746,-0.009759817314930218
314,Towson,33,22,11,0.667,-1.59,-3.25,,16,2,,12,1,,9,5,,2309,2201,,1335,836,1988,0.421,253,750,0.337,384,563,0.682,433,1213,351,213,110,309,528,2025,False,-0.1754806800287571,-0.009835115243951295
247,Quinnipiac,32,20,12,0.625,-5.19,-7.29,,15,5,,12,2,,7,10,,2366,2277,,1285,840,1967,0.427,218,738,0.295,468,617,0.759,378,1234,441,268,151,416,519,2025,False,-0.1793600137996039,-0.0099160278353784
33,Bucknell,33,18,15,0.545,-4.95,-5.83,,13,5,,12,4,,6,10,,2443,2414,,1380,862,1850,0.466,268,759,0.353,451,679,0.664,281,1117,448,219,106,433,587,2025,False,-0.17936106495661225,-0.00991604971720975
188,Montana State,33,15,18,0.455,-2.28,-2.22,,9,9,,11,3,,3,14,,2354,2298,,1325,835,1834,0.455,270,793,0.34,414,571,0.725,230,1033,435,210,119,328,528,2025,False,-0.1818072530026695,-0.009966909513109471
356,William & Mary,32,17,15,0.531,-5.85,-3.85,,11,7,,12,2,,4,11,,2487,2445,,1280,842,1858,0.453,336,960,0.35,467,646,0.723,298,1102,529,232,58,407,570,2025,False,-0.18331490628021074,-0.009998193897741113
302,Tennessee State,33,17,16,0.515,-7.8,-8.5,,12,8,,12,3,,4,10,,2577,2418,,1350,909,1964,0.463,219,673,0.325,540,793,0.681,428,1338,440,237,127,506,625,2025,False,-0.18860458454614532,-0.010107584456767134
139,La Salle,33,14,19,0.424,-2.95,1.71,,5,13,,10,5,,2,10,,2376,2465,,1325,845,2046,0.413,230,685,0.336,456,628,0.726,392,1217,388,238,117,354,521,2025,False,-0.19389766079445547,-0.010216467617376847
219,Northern Kentucky,33,17,16,0.515,-4.68,-3.03,,11,9,,12,6,,5,10,,2371,2377,,1340,852,1946,0.438,258,772,0.334,409,611,0.669,374,1110,467,256,106,397,529,2025,False,-0.19509438920709793,-0.010241005576949302
311,Texas-Rio Grande Valley,31,16,15,0.516,-6.04,-3.38,,8,12,,12,4,,2,11,,2378,2294,,1240,872,1965,0.444,328,997,0.329,306,433,0.707,365,1165,534,235,87,417,510,2025,False,-0.1980098792212721,-0.010300662599440676
26,Boston College,31,12,19,0.387,0.23,5.62,,4,16,,9,8,,0,10,,2182,2349,,1275,783,1811,0.432,206,597,0.345,410,570,0.719,318,1065,355,162,121,368,571,2025,False,-0.1980782033208035,-0.010302058568689185
200,New Mexico State,32,17,15,0.531,1.3,0.85,,10,8,,9,6,,8,6,,2229,2110,,1285,787,1895,0.415,228,710,0.321,427,633,0.675,379,1198,373,204,74,348,591,2025,False,-0.20758810672278277,-0.010495433330193274
284,SIU Edwardsville,33,22,11,0.667,-5.72,-8.35,,13,7,,12,3,,7,8,,2396,2182,,1330,859,1981,0.434,247,724,0.341,431,638,0.676,396,1270,451,222,131,375,544,2025,False,-0.20997341907852404,-0.010543648577251347
147,Little Rock,33,19,14,0.576,-6.58,-7.39,,12,8,,9,5,,9,7,,2287,2219,,1330,843,1894,0.445,215,583,0.369,386,548,0.704,342,1112,447,298,172,458,563,2025,False,-0.21004669112359922,-0.010545127833710036
1,Abilene Christian,32,16,16,0.5,-5.35,-1.9,,8,8,,10,5,,5,10,,2260,2250,,1290,819,1845,0.444,146,483,0.302,476,666,0.715,355,1081,421,331,94,476,670,2025,False,-0.22168028997886846,-0.0107786239061279
335,UTSA,31,12,19,0.387,-2.21,0.86,,6,12,,7,7,,4,11,,2378,2382,,1250,816,1929,0.423,308,853,0.361,438,553,0.792,332,1003,393,294,107,339,564,2025,False,-0.2225477881722856,-0.01079592673290954
214,Northeastern,32,17,15,0.531,-4.22,-4.66,,9,9,,8,5,,7,8,,2243,2229,,1280,835,1848,0.452,217,644,0.337,356,518,0.687,339,1090,415,242,151,399,516,2025,False,-0.22387956773533688,-0.010822460766740621
281,Southern,32,20,12,0.625,-6.62,-7.69,,15,3,,11,1,,9,10,,2392,2184,,1291,849,1949,0.436,212,658,0.322,482,721,0.669,415,1194,415,309,123,401,595,2025,False,-0.22699887543644745,-0.010884470912547385
122,Incarnate Word,33,17,16,0.515,-6.35,-5.31,,9,11,,11,5,,4,10,,2407,2274,,1330,891,1918,0.465,262,695,0.377,363,533,0.681,395,1159,411,225,125,387,536,2025,False,-0.22781747112962836,-0.010900712135255959
215,Northern Arizona,33,18,15,0.545,-5.91,-5.32,,8,10,,10,5,,7,8,,2503,2350,,1321,920,2023,0.455,268,765,0.35,395,598,0.661,391,1244,492,201,51,336,528,2025,False,-0.23077381229465738,-0.010959256385143383
83,Elon,32,17,15,0.531,-3.56,-4.36,,8,10,,10,4,,6,9,,2355,2232,,1285,795,1803,0.441,250,766,0.326,515,690,0.746,408,1274,390,167,131,399,425,2025,False,-0.24639829368158117,-0.011265808835041077
46,Central Michigan,31,14,17,0.452,-4.27,-2.56,,7,11,,8,6,,6,10,,2341,2237,,1250,835,1807,0.462,198,610,0.325,473,655,0.722,331,1120,420,228,90,380,512,2025,False,-0.24740699812402595,-0.01128543551606024
101,Georgia Southern,33,17,16,0.515,-7.27,-5.21,,8,10,,11,3,,4,11,,2449,2505,,1340,887,2063,0.43,313,912,0.343,362,550,0.658,423,1234,450,260,123,444,648,2025,False,-0.2609001412391405,-0.011546081055719998
361,Wyoming,32,12,20,0.375,-0.17,4.7,,5,15,,8,7,,3,10,,2149,2277,,1285,779,1778,0.438,243,710,0.342,348,534,0.652,337,1114,373,141,89,412,617,2025,False,-0.28881704852023726,-0.012074311228675316
108,Hampton,33,17,16,0.515,-4.79,-3.59,,8,10,,10,4,,4,9,,2391,2309,,1325,856,2010,0.426,247,741,0.333,430,604,0.712,435,1196,391,248,100,356,602,2025,False,-0.2990964493261607,-0.012265128326860733
242,Princeton,29,19,10,0.655,-2.72,-2.42,,8,6,,9,4,,7,4,,2152,2103,,1160,769,1767,0.435,306,854,0.358,308,435,0.708,285,986,436,216,63,304,449,2025,False,-0.3028583713042486,-0.012334472277524159
41,California Baptist,31,17,14,0.548,-0.55,-2.1,,9,7,,11,5,,4,8,,2214,2166,,1255,795,1857,0.428,206,653,0.315,418,553,0.756,373,1121,362,207,83,373,531,2025,False,-0.31200204856894964,-0.012501935146364305
269,Seattle,31,14,17,0.452,0.61,-1.02,,8,8,,9,5,,4,11,,2199,2057,,1240,726,1744,0.416,210,647,0.325,537,750,0.716,338,1073,373,248,99,354,556,2025,False,-0.3182263813544888,-0.012615058561966846
241,Presbyterian,32,14,18,0.438,-6.4,-4.26,,7,9,,8,5,,4,12,,2379,2263,,1295,868,1854,0.468,234,635,0.369,409,589,0.694,324,1079,424,215,103,340,580,2025,False,-0.3293585743893402,-0.01281563183130124
238,Portland,32,12,20,0.375,-6.94,2.52,,7,11,,9,7,,3,9,,2334,2574,,1300,805,1843,0.437,272,788,0.345,452,582,0.777,266,1083,496,149,99,408,487,2025,False,-0.32981587904156345,-0.012823823626355611
221,Northwestern State,32,16,16,0.5,-4.94,-1.31,,12,8,,9,5,,6,10,,2146,2204,,1290,756,1756,0.431,223,630,0.354,411,575,0.715,364,1120,407,218,136,421,500,2025,False,-0.3347618087663218,-0.012912182168484058
280,Southeastern Louisiana,32,18,14,0.563,-3.99,-4.66,,12,8,,8,4,,9,8,,2324,2232,,1290,824,1854,0.444,195,592,0.329,481,642,0.749,349,1147,378,222,74,373,550,2025,False,-0.33792453935204736,-0.012968455388148444
102,Georgia State,33,14,19,0.424,-7.22,-2.72,,8,10,,9,6,,3,11,,2479,2583,,1325,898,1998,0.449,233,675,0.345,450,656,0.686,393,1255,401,173,97,391,523,2025,False,-0.34380320905362827,-0.013072580565544455
171,Mercer,33,14,19,0.424,-8.28,-4.96,,6,12,,7,6,,5,11,,2511,2485,,1335,919,2113,0.435,273,849,0.322,400,611,0.655,386,1297,436,278,87,398,547,2025,False,-0.3447738595352941,-0.013089714284929124
37,Cal State Bakersfield,33,14,19,0.424,-5.29,-1.61,,8,12,,9,6,,4,11,,2434,2430,,1330,851,1944,0.438,218,573,0.38,514,666,0.772,424,1173,334,225,92,416,671,2025,False,-0.3568559002645227,-0.013301597883074577
118,Idaho State,30,15,15,0.5,-3.49,-3.56,,10,8,,10,4,,5,10,,2230,2099,,1205,779,1809,0.431,221,681,0.325,451,608,0.742,422,1143,398,181,135,321,494,2025,False,-0.35990196872216473,-0.013354614157140825
256,Sacred Heart,33,15,18,0.455,-8.59,-8.0,,10,10,,8,5,,5,11,,2502,2481,,1325,895,2043,0.438,318,910,0.349,392,536,0.731,389,1223,547,243,98,406,520,2025,False,-0.3627360240323832,-0.0134037955687536
210,North Dakota,33,12,21,0.364,-7.0,-1.1,,5,11,,8,6,,2,12,,2550,2624,,1320,899,2069,0.435,271,831,0.326,481,679,0.708,437,1245,405,188,81,375,549,2025,False,-0.3632566360438917,-0.013412814981356616
134,Kansas City,33,13,20,0.394,-5.23,-2.6,,4,12,,9,5,,2,12,,2386,2218,,1320,816,1898,0.43,290,845,0.343,464,609,0.762,392,1168,407,244,106,394,552,2025,False,-0.3634547519564359,-0.013416246033797822
91,Florida International,33,10,23,0.303,-6.28,-1.22,,3,15,,7,8,,1,13,,2285,2380,,1340,821,1932,0.425,168,585,0.287,475,672,0.707,378,1159,403,297,153,451,560,2025,False,-0.3716035431737491,-0.013556782775577106
329,UT Arlington,31,13,18,0.419,-5.13,-2.41,,6,10,,9,4,,3,11,,2302,2320,,1255,799,1793,0.446,269,759,0.354,435,658,0.661,361,1132,436,184,99,418,558,2025,False,-0.380391589229725,-0.013707066317661769
191,Mount St. Mary's,32,20,12,0.625,-8.31,-7.25,,12,8,,10,4,,9,8,,2272,2269,,1300,801,1802,0.445,251,724,0.347,419,571,0.734,333,1204,482,202,91,484,507,2025,False,-0.39138161363862756,-0.013893156640750522
10,Appalachian State,31,17,14,0.548,-2.39,-3.63,,10,8,,10,4,,5,8,,2102,1970,,1245,738,1692,0.436,240,697,0.344,386,593,0.651,304,1145,389,171,114,335,414,2025,False,-0.3923177205115006,-0.013908913101447939
112,Hofstra,33,15,18,0.455,-4.61,-3.51,,6,12,,6,7,,5,9,,2202,2141,,1340,794,1861,0.427,273,802,0.34,341,477,0.715,290,1173,447,196,130,371,580,2025,False,-0.3997380567675513,-0.014033291002792582
9,American,34,22,12,0.647,-6.87,-6.41,,13,5,,14,2,,5,10,,2334,2287,,1380,813,1836,0.443,286,824,0.347,422,558,0.756,262,1031,426,225,63,376,607,2025,False,-0.40788461269311227,-0.014168782979488245
270,Seton Hall,32,7,25,0.219,0.15,8.77,,2,18,,5,11,,0,11,,1970,2246,,1295,708,1770,0.4,168,539,0.312,386,582,0.663,359,996,359,260,108,400,577,2025,False,-0.4120467248686975,-0.014237581585019345
317,Tulsa,32,13,19,0.406,-5.5,-1.93,,6,12,,8,9,,3,8,,2293,2353,,1300,814,1866,0.436,255,788,0.324,408,619,0.659,313,1151,444,198,88,361,497,2025,False,-0.41800576192374506,-0.014335585740399281
81,Eastern Michigan,32,16,16,0.5,-9.07,-5.23,,9,9,,9,5,,6,10,,2355,2449,,1290,833,1812,0.46,241,690,0.349,448,608,0.737,321,1043,400,223,109,416,577,2025,False,-0.4301149672087965,-0.014532947308819547
55,Colgate,33,14,19,0.424,-7.32,-6.01,,10,8,,10,4,,4,13,,2379,2388,,1330,888,1897,0.468,287,806,0.356,316,433,0.73,256,1067,467,211,80,372,492,2025,False,-0.43172272892094066,-0.014558972109970723
165,Maryland-Baltimore County,32,13,19,0.406,-11.14,-7.79,,5,11,,8,9,,5,10,,2559,2522,,1300,929,1917,0.485,287,741,0.387,414,598,0.692,238,1027,469,235,85,364,490,2025,False,-0.4323898128806775,-0.014569757906438038
117,Idaho,33,14,19,0.424,-7.47,-2.95,,8,10,,8,6,,5,11,,2430,2493,,1325,823,1871,0.44,308,885,0.348,476,634,0.751,337,1113,405,194,93,390,589,2025,False,-0.44154082744399686,-0.014716992717534266
110,Hawaii,31,15,16,0.484,-3.02,-0.47,,7,13,,13,7,,2,9,,2173,2208,,1250,745,1658,0.449,203,634,0.32,480,650,0.738,308,1103,368,110,73,418,548,2025,False,-0.4456441874479678,-0.01478257726352011
250,Rice,32,13,19,0.406,-1.73,-1.77,,4,14,,7,8,,4,8,,2249,2249,,1290,748,1778,0.421,227,688,0.33,526,772,0.681,394,1223,379,149,99,377,571,2025,False,-0.4458494927102509,-0.014785851620742627
233,Pacific,33,9,24,0.273,-6.69,2.5,,4,14,,5,10,,2,13,,2295,2500,,1330,819,1883,0.435,212,707,0.3,445,614,0.725,343,1156,421,188,94,432,610,2025,False,-0.4475532028446587,-0.01481299770532015
287,Southern Mississippi,33,11,22,0.333,-9.81,-3.23,,5,13,,9,6,,1,13,,2352,2507,,1330,842,1954,0.431,217,717,0.303,451,652,0.692,347,1233,476,227,142,460,554,2025,False,-0.451454635981748,-0.014874987292040967
338,Vermont,33,21,12,0.636,-7.64,-7.18,,13,3,,13,3,,7,8,,2199,2106,,1320,776,1789,0.434,256,775,0.33,391,543,0.72,291,1125,398,184,147,371,452,2025,False,-0.4535453398691094,-0.014908106941153285
173,Merrimack,32,18,14,0.563,-4.09,-5.59,,14,6,,8,5,,9,8,,2111,2063,,1290,768,1808,0.425,257,774,0.332,318,442,0.719,230,908,381,307,121,295,502,2025,False,-0.4545552410911385,-0.014924080391991893
209,North Carolina Central,32,14,18,0.438,-12.18,-7.9,,6,8,,10,4,,2,13,,2533,2413,,1300,893,1946,0.459,238,678,0.351,509,734,0.693,432,1085,508,269,79,422,637,2025,False,-0.46502883101147,-0.015088791836355624
42,Campbell,32,15,17,0.469,-5.08,-4.65,,10,8,,8,6,,7,10,,2246,2169,,1285,792,1804,0.439,240,745,0.322,422,547,0.771,264,1016,430,220,98,335,516,2025,False,-0.4658032199804506,-0.015100901802417879
185,Missouri State,32,9,23,0.281,-3.76,0.71,,2,18,,7,8,,1,12,,2175,2268,,1315,776,1735,0.447,228,639,0.357,395,602,0.656,334,1046,390,236,83,437,580,2025,False,-0.4699701347546104,-0.01516590364969249
348,Weber State,34,12,22,0.353,-9.17,-2.69,,5,13,,5,10,,4,11,,2443,2443,,1370,866,1903,0.455,252,727,0.347,459,653,0.703,289,1140,389,221,82,373,606,2025,False,-0.47925376726737245,-0.015309753534350006
319,UC Davis,32,15,17,0.469,-5.77,-0.87,,9,11,,8,6,,7,10,,2175,2249,,1285,737,1784,0.413,203,625,0.325,498,670,0.743,326,1057,354,252,115,424,577,2025,False,-0.4823890554729329,-0.015358033942162268
342,VMI,34,15,19,0.441,-11.02,-4.66,,7,11,,7,7,,5,10,,2492,2487,,1365,833,1954,0.426,303,932,0.325,523,687,0.761,339,1180,427,269,89,408,549,2025,False,-0.4847513552406703,-0.01539431121283527
7,Albany (NY),33,17,16,0.515,-9.32,-8.13,,8,8,,7,7,,8,8,,2463,2437,,1335,901,2044,0.441,238,736,0.323,423,591,0.716,392,1117,414,273,77,357,575,2025,False,-0.4928451689228017,-0.015517958151768266
84,Evansville,32,11,21,0.344,-5.9,0.45,,8,12,,7,9,,4,11,,2113,2263,,1280,761,1759,0.433,218,719,0.303,373,535,0.697,245,1054,403,192,140,377,527,2025,False,-0.49428456567216233,-0.015539842792714614
190,Morgan State,31,14,17,0.452,-15.09,-8.38,,7,7,,11,4,,2,13,,2504,2526,,1255,928,1931,0.481,146,421,0.347,502,692,0.725,386,1160,407,216,139,420,578,2025,False,-0.49479442937325474,-0.015547587226893604
82,Eastern Washington,32,10,22,0.313,-8.27,-1.54,,6,12,,8,6,,2,14,,2283,2415,,1280,818,1792,0.456,216,664,0.325,431,554,0.778,273,963,437,241,100,401,583,2025,False,-0.5001080020361056,-0.015628061708132697
125,Iona,32,16,16,0.5,-8.12,-7.46,,12,8,,7,7,,7,7,,2239,2260,,1290,823,1958,0.42,222,688,0.323,371,543,0.683,464,1184,471,314,91,465,587,2025,False,-0.5089964624376857,-0.015761725904084353
116,Howard,32,12,20,0.375,-11.68,-6.54,,7,7,,8,6,,3,11,,2480,2538,,1290,854,1837,0.465,273,733,0.372,499,675,0.739,320,1090,507,180,97,478,612,2025,False,-0.5270893905357454,-0.01603016326811972
94,Fresno State,32,6,26,0.188,-5.1,4.9,,2,18,,5,9,,1,14,,2262,2582,,1315,782,1927,0.406,213,680,0.313,485,701,0.692,338,1113,344,242,103,412,494,2025,False,-0.529010526293688,-0.016058382182912924
31,Brown,27,14,13,0.519,-4.76,-3.84,,6,8,,8,6,,6,7,,1950,1933,,1095,723,1613,0.448,221,659,0.335,283,448,0.632,296,979,398,160,142,314,424,2025,False,-0.5335309114763471,-0.016124567132103636
186,Monmouth,33,13,20,0.394,-7.76,-2.73,,10,8,,8,2,,4,14,,2321,2487,,1335,784,1908,0.411,233,661,0.352,520,701,0.742,357,1124,389,195,147,364,592,2025,False,-0.5412366981182815,-0.016236703530284093
160,Manhattan,30,17,13,0.567,-7.17,-8.14,,12,8,,9,5,,8,7,,2280,2235,,1225,792,1809,0.438,260,755,0.344,436,566,0.77,358,1109,452,190,76,354,426,2025,False,-0.550022770842413,-0.016363510632057293
308,Texas Southern,32,15,17,0.469,-9.96,-7.92,,12,6,,9,4,,6,12,,2325,2307,,1290,846,1974,0.429,233,697,0.334,400,554,0.722,368,1201,438,274,109,444,538,2025,False,-0.5544472280530274,-0.016426947116873876
23,Bethune-Cookman,32,17,15,0.531,-9.35,-6.38,,13,5,,8,2,,7,12,,2215,2310,,1280,780,1791,0.436,199,608,0.327,456,661,0.69,314,1131,413,212,120,442,516,2025,False,-0.5546288656639831,-0.01642954538722058
68,Delaware State,30,16,14,0.533,-11.91,-8.72,,8,6,,11,2,,3,11,,2360,2229,,1210,871,1889,0.461,155,420,0.369,463,640,0.723,399,1122,419,259,78,379,545,2025,False,-0.5562671996229569,-0.01645295993828217
271,Siena,32,14,18,0.438,-7.06,-7.19,,9,11,,9,5,,4,10,,2311,2307,,1300,783,1827,0.429,239,729,0.328,506,681,0.743,315,1030,378,219,159,379,518,2025,False,-0.5604251529577305,-0.016512212158644263
293,Stephen F. Austin,31,14,17,0.452,-8.02,-3.31,,7,13,,8,8,,6,9,,2065,2118,,1255,756,1791,0.422,191,659,0.29,362,572,0.633,407,1165,388,258,130,483,514,2025,False,-0.5657181278469864,-0.01658728326273601
18,Austin Peay,33,14,19,0.424,-9.06,-3.35,,8,10,,8,5,,4,13,,2362,2472,,1335,836,1980,0.422,280,810,0.346,410,570,0.719,326,1085,416,229,87,327,589,2025,False,-0.569052729561174,-0.016634374833679813
48,Charlotte,33,11,22,0.333,-4.99,-0.17,,3,15,,8,8,,1,12,,2328,2460,,1345,761,1808,0.421,231,745,0.31,575,768,0.749,291,1036,405,168,72,329,573,2025,False,-0.5711698499146114,-0.016664191618437012
257,Saint Francis (PA),33,16,17,0.485,-12.45,-6.98,,8,8,,10,4,,6,13,,2347,2363,,1345,878,1904,0.461,271,800,0.339,320,440,0.727,287,1122,469,209,79,425,502,2025,False,-0.5717642389465271,-0.016672551443283633
304,Tennessee-Martin,33,14,19,0.424,-10.88,-7.88,,9,11,,8,5,,5,12,,2455,2373,,1350,836,1997,0.419,306,949,0.322,477,682,0.699,453,1301,447,267,93,433,556,2025,False,-0.5788106802847258,-0.016771278897623004
64,Dartmouth,27,14,13,0.519,-3.96,-5.32,,8,6,,9,4,,5,9,,2095,1926,,1085,722,1644,0.439,277,777,0.356,374,503,0.744,240,1028,433,138,85,313,402,2025,False,-0.5875926804235952,-0.016893353391558
129,Jackson State,32,15,17,0.469,-9.51,-5.63,,14,4,,8,1,,6,15,,2301,2425,,1300,793,1876,0.423,204,636,0.321,511,703,0.727,356,1159,389,237,107,443,534,2025,False,-0.5976931420888234,-0.017032436021303905
96,Gardner-Webb,31,11,20,0.355,-7.84,-3.48,,5,11,,5,6,,3,13,,2287,2422,,1240,824,1775,0.464,194,588,0.33,445,643,0.692,356,1129,325,161,101,453,583,2025,False,-0.5986780585950373,-0.017045923230599655
28,Bowling Green State,32,14,18,0.438,-9.28,-5.85,,8,10,,8,8,,5,8,,2352,2366,,1280,815,1857,0.439,255,745,0.342,467,626,0.746,297,1100,359,232,102,392,556,2025,False,-0.600546723004507,-0.017071475789241883
19,Ball State,31,14,17,0.452,-7.67,-6.21,,7,11,,8,7,,4,9,,2336,2300,,1250,781,1718,0.455,221,641,0.345,553,785,0.704,292,1101,407,154,67,363,507,2025,False,-0.6061459759234795,-0.017147756025784545
264,San Diego,33,6,27,0.182,-7.94,2.06,,2,16,,5,13,,0,12,,2314,2629,,1320,820,2016,0.407,211,719,0.293,463,616,0.752,381,1132,376,245,118,440,693,2025,False,-0.6071971615985113,-0.017162029073190574
145,Lindenwood,33,16,17,0.485,-12.9,-7.0,,10,10,,11,3,,3,12,,2348,2354,,1340,837,1983,0.422,192,678,0.283,482,709,0.68,380,1203,370,277,133,415,534,2025,False,-0.6145413724194351,-0.017261331606577217
228,Old Dominion,35,15,20,0.429,-9.45,-4.0,,8,10,,7,9,,5,7,,2376,2502,,1410,839,2120,0.396,218,758,0.288,480,669,0.717,500,1345,369,193,118,400,586,2025,False,-0.6160767116708176,-0.01728199922538797
193,Navy,34,15,19,0.441,-9.44,-8.32,,10,8,,9,5,,6,12,,2407,2393,,1365,837,1979,0.423,249,737,0.338,484,661,0.732,383,1216,452,222,91,367,557,2025,False,-0.6204924614347435,-0.017341264266772523
251,Richmond,32,10,22,0.313,-4.76,2.18,,5,13,,6,9,,2,11,,2137,2302,,1310,729,1745,0.418,250,797,0.314,429,542,0.792,208,996,373,191,66,327,560,2025,False,-0.6453460457493847,-0.017669993432507976
298,Tarleton State,32,12,20,0.375,-9.88,0.12,,7,9,,10,3,,1,14,,2025,2227,,1280,697,1614,0.432,132,408,0.324,499,681,0.733,303,971,338,300,115,562,612,2025,False,-0.6493060672662129,-0.017721620691034938
149,Long Island University,33,17,16,0.515,-10.6,-9.6,,12,4,,10,5,,7,9,,2235,2156,,1345,831,1910,0.435,201,649,0.31,372,518,0.718,382,1172,388,269,117,430,625,2025,False,-0.6511652778600231,-0.01774578899933417
59,Columbia,27,12,15,0.444,-8.81,-5.33,,1,13,,9,6,,3,9,,2117,2109,,1080,771,1655,0.466,222,659,0.337,353,480,0.735,259,940,470,210,57,295,415,2025,False,-0.6535647594283496,-0.01777691407125251
354,Western Michigan,32,12,20,0.375,-9.32,-3.93,,9,9,,6,9,,6,10,,2306,2433,,1280,850,1993,0.426,190,662,0.287,414,616,0.672,423,1208,398,222,75,352,574,2025,False,-0.6547417550258995,-0.017792154285855247
303,Tennessee Tech,32,15,17,0.469,-10.76,-7.49,,10,10,,9,5,,5,10,,2308,2371,,1290,810,1874,0.432,309,878,0.352,379,543,0.698,277,1110,486,203,88,372,424,2025,False,-0.6559236127850125,-0.01780743941936834
69,Denver,32,11,21,0.344,-9.95,-2.57,,5,11,,8,6,,3,12,,2316,2483,,1300,820,1825,0.449,232,669,0.347,444,600,0.74,282,986,367,219,81,405,718,2025,False,-0.6608684653853341,-0.017871196349104577
6,Alabama State,32,17,15,0.531,-9.2,-8.68,,12,6,,8,3,,6,10,,2373,2338,,1285,829,2029,0.409,289,870,0.332,426,617,0.69,369,1154,371,250,91,297,592,2025,False,-0.6711894424469071,-0.018003259425500823
86,FDU,33,13,20,0.394,-11.63,-7.73,,8,8,,9,5,,4,15,,2431,2415,,1341,849,1946,0.436,275,819,0.336,458,644,0.711,321,1120,449,229,89,387,530,2025,False,-0.6741267946673767,-0.01804059611793747
288,Southern Utah,31,12,19,0.387,-10.15,-1.65,,4,12,,8,7,,3,11,,2163,2285,,1240,758,1785,0.425,182,582,0.313,465,638,0.729,341,1149,371,157,136,448,546,2025,False,-0.6747822065205812,-0.01804891210490811
140,Lafayette,33,13,20,0.394,-9.77,-7.92,,7,11,,10,6,,3,14,,2261,2274,,1337,809,1854,0.436,257,753,0.341,386,564,0.684,284,1102,486,192,115,362,512,2025,False,-0.6857029557137301,-0.018186677569433873
332,Utah Tech,33,7,26,0.212,-9.76,-1.12,,2,14,,5,8,,0,16,,2305,2508,,1325,810,1908,0.425,246,738,0.333,439,632,0.695,332,1090,418,213,106,417,634,2025,False,-0.7019661047561804,-0.018389069078830332
115,Houston Christian,32,12,20,0.375,-8.07,-2.87,,9,11,,8,7,,4,12,,2111,2220,,1280,742,1753,0.423,251,769,0.326,376,547,0.687,296,1000,348,252,115,374,435,2025,False,-0.7090431517974788,-0.018476118841344577
16,Army,31,16,15,0.516,-12.33,-7.12,,10,8,,12,4,,4,11,,2268,2327,,1270,842,1911,0.441,253,805,0.314,331,483,0.685,312,1082,438,207,68,319,482,2025,False,-0.7140024761649468,-0.01853675391321266
161,Marist,30,20,10,0.667,-8.6,-10.1,,13,7,,11,4,,9,5,,1979,1934,,1215,753,1712,0.44,202,643,0.314,271,383,0.708,310,1079,420,173,103,358,448,2025,False,-0.7179403423718074,-0.01858468642345673
128,IU Indy,32,10,22,0.313,-11.43,-4.15,,6,14,,6,8,,4,12,,2402,2458,,1285,803,1873,0.429,328,878,0.374,468,632,0.741,366,1073,436,199,64,329,560,2025,False,-0.7646198237229591,-0.019138728783419604
47,Charleston Southern,32,10,22,0.313,-10.74,-2.07,,6,10,,7,5,,3,14,,2307,2503,,1295,769,1808,0.425,233,767,0.304,536,810,0.662,376,1187,367,151,88,433,558,2025,False,-0.7716178943191978,-0.019219582649822715
24,Binghamton,32,15,17,0.469,-13.1,-8.72,,7,9,,9,4,,5,12,,2233,2287,,1295,800,1735,0.461,227,633,0.359,404,583,0.693,284,1149,415,153,96,431,525,2025,False,-0.7775763306723213,-0.01928798028153423
275,South Carolina Upstate,32,6,26,0.188,-15.37,-2.41,,2,14,,4,10,,2,14,,2393,2673,,1280,881,1941,0.454,222,726,0.306,409,606,0.675,299,1086,426,242,74,453,618,2025,False,-0.7888770008718131,-0.019416587948953037
27,Boston University,32,16,16,0.5,-10.58,-7.97,,10,8,,12,4,,3,12,,2148,2191,,1300,768,1752,0.438,250,740,0.338,362,546,0.663,349,1124,381,194,83,423,515,2025,False,-0.8002046951731819,-0.019544052818327724
88,Florida A&M,31,14,17,0.452,-13.1,-5.75,,10,8,,9,3,,4,13,,2235,2334,,1242,758,1721,0.44,279,807,0.346,440,617,0.713,296,1058,392,162,100,425,548,2025,False,-0.8033826151031737,-0.01957955376566567
252,Rider,33,14,19,0.424,-11.69,-6.87,,9,11,,5,7,,8,11,,2211,2370,,1320,814,1894,0.43,178,571,0.312,405,561,0.722,369,1131,416,177,102,370,476,2025,False,-0.8101764527847312,-0.019655071242489823
148,Long Beach State,32,7,25,0.219,-9.68,0.08,,3,17,,3,11,,4,11,,2152,2374,,1295,736,1698,0.433,218,625,0.349,462,611,0.756,304,1021,364,182,96,460,585,2025,False,-0.8219169134815218,-0.019784370023578232
113,Holy Cross,32,13,19,0.406,-12.12,-6.95,,5,13,,7,6,,4,13,,2227,2307,,1290,824,1806,0.456,292,754,0.387,287,398,0.721,239,1042,398,148,92,382,441,2025,False,-0.8307602861301179,-0.019880765447163155
2,Air Force,32,4,28,0.125,-7.64,4.08,,1,19,,3,13,,0,14,,1982,2357,,1290,680,1616,0.421,259,783,0.331,363,572,0.635,236,956,428,181,91,433,571,2025,False,-0.8317209867079683,-0.01989118613091443
105,Grambling,33,12,21,0.364,-12.27,-7.3,,7,11,,6,7,,4,12,,2209,2237,,1330,780,1808,0.431,214,626,0.342,435,602,0.723,292,1109,379,221,121,422,542,2025,False,-0.8503891564272325,-0.020091704350242406
295,Stonehill,32,15,17,0.469,-12.75,-9.18,,7,9,,11,3,,3,13,,2198,2242,,1280,759,1748,0.434,276,777,0.355,404,558,0.724,288,1060,461,206,84,388,530,2025,False,-0.8517146131415859,-0.020105799503840865
44,Central Arkansas,33,9,24,0.273,-14.55,-3.68,,4,14,,7,7,,1,17,,2318,2578,,1350,817,1995,0.41,283,962,0.294,401,558,0.719,368,1180,453,242,78,408,448,2025,False,-0.8633506704299353,-0.0202287408531928
109,Harvard,27,12,15,0.444,-7.47,-3.51,,7,7,,7,5,,5,10,,1848,1945,,1085,679,1532,0.443,197,611,0.322,293,382,0.767,224,854,369,199,77,322,383,2025,False,-0.8660887363599633,-0.02025746270323235
151,Louisiana,33,12,21,0.364,-10.57,-2.2,,8,10,,5,12,,6,5,,2159,2410,,1330,757,1897,0.399,223,720,0.31,422,579,0.729,316,1013,340,243,95,357,578,2025,False,-0.8674536535255729,-0.020271751108219247
157,Loyola (MD),31,12,19,0.387,-11.47,-8.1,,6,12,,7,7,,5,12,,2145,2205,,1245,775,1779,0.436,229,704,0.325,366,525,0.697,310,1034,426,223,89,372,475,2025,False,-0.8872645245452796,-0.020476957002125096
34,Buffalo,31,9,22,0.29,-14.87,-3.63,,4,14,,6,9,,3,13,,2226,2508,,1240,776,1821,0.426,243,800,0.304,431,616,0.7,286,1069,419,209,109,451,517,2025,False,-0.8912608275997943,-0.02051786123005512
143,Lehigh,30,11,19,0.367,-9.88,-6.31,,6,12,,8,5,,3,14,,2110,2143,,1210,758,1682,0.451,236,637,0.37,358,524,0.683,220,947,401,174,63,321,486,2025,False,-0.91352843179806,-0.02074281269543472
142,Le Moyne,32,9,23,0.281,-17.4,-7.93,,4,12,,6,7,,2,16,,2371,2566,,1315,826,1802,0.458,253,746,0.339,466,662,0.704,290,1051,454,222,69,444,614,2025,False,-0.9472430768700486,-0.021074011782127387
79,Eastern Illinois,31,12,19,0.387,-12.3,-5.59,,8,12,,7,7,,4,12,,2062,2140,,1250,742,1801,0.412,166,520,0.319,412,608,0.678,358,1094,350,278,85,387,577,2025,False,-0.9532252611443972,-0.021131620783537537
294,Stetson,32,8,24,0.25,-16.12,-4.12,,6,12,,5,9,,3,11,,2293,2608,,1290,805,1810,0.445,233,686,0.34,450,612,0.735,270,1056,376,165,99,415,470,2025,False,-0.9742699866603188,-0.021331566623989513
78,East Texas A&M,31,5,26,0.161,-12.27,-1.75,,3,17,,4,10,,1,16,,1995,2321,,1245,713,1714,0.416,260,828,0.314,309,480,0.644,304,948,439,260,122,475,520,2025,False,-0.9786515650707268,-0.021372669364342817
189,Morehead State,32,15,17,0.469,-13.4,-7.27,,10,10,,9,5,,6,10,,2116,2199,,1285,741,1779,0.417,190,614,0.309,444,658,0.675,361,1171,368,179,82,377,506,2025,False,-0.9817607887692398,-0.021401727341589752
230,Oral Roberts,30,7,23,0.233,-11.3,-0.38,,3,13,,7,7,,0,15,,2200,2356,,1205,738,1693,0.436,280,773,0.362,444,590,0.753,252,940,306,149,70,348,532,2025,False,-0.9818875015973964,-0.021402909650996685
21,Bellarmine,31,5,26,0.161,-14.65,-4.27,,2,16,,5,10,,0,16,,2252,2484,,1250,814,1743,0.467,281,776,0.362,343,444,0.773,205,909,439,197,53,371,522,2025,False,-1.0038829776618488,-0.021605887622984554
255,Sacramento State,32,7,25,0.219,-13.59,-3.55,,3,15,,5,11,,2,13,,2119,2257,,1280,746,1741,0.428,262,798,0.328,365,541,0.675,302,1070,418,190,97,422,592,2025,False,-1.0039209438196939,-0.02160623413550865
202,Niagara,31,11,20,0.355,-12.43,-8.19,,6,14,,6,7,,3,13,,2122,2214,,1255,747,1659,0.45,251,711,0.353,377,510,0.739,233,953,390,193,69,380,487,2025,False,-1.0258990457512753,-0.02180463359408883
208,North Carolina A&T,32,7,25,0.219,-12.86,-3.9,,3,15,,5,9,,2,15,,2213,2439,,1280,791,1937,0.408,215,708,0.304,416,606,0.686,341,1148,358,197,96,340,482,2025,False,-1.0341901898904797,-0.021878353434191148
85,Fairfield,32,12,20,0.375,-14.12,-7.28,,8,12,,8,6,,3,12,,2161,2324,,1285,784,1925,0.407,230,729,0.316,363,500,0.726,351,1054,404,218,96,331,522,2025,False,-1.0391500827308358,-0.021922162499556804
349,West Georgia,31,6,25,0.194,-14.99,-3.92,,4,14,,4,8,,2,15,,2140,2426,,1241,803,1848,0.435,168,557,0.302,366,528,0.693,295,1016,418,216,92,351,493,2025,False,-1.0397554184923639,-0.021927494364171126
71,Detroit Mercy,32,8,24,0.25,-13.36,-3.0,,4,16,,6,7,,2,15,,2146,2428,,1300,781,1897,0.412,180,546,0.33,404,550,0.735,384,1207,347,185,79,416,605,2025,False,-1.0449740692177205,-0.02197332721133255
154,Louisiana-Monroe,32,7,25,0.219,-14.94,-4.14,,3,15,,5,11,,2,12,,2205,2417,,1290,782,1920,0.407,218,658,0.331,423,593,0.713,360,1155,413,228,76,374,448,2025,False,-1.0612798018560707,-0.02211500092571024
352,Western Illinois,31,12,19,0.387,-14.96,-8.24,,6,14,,8,7,,4,11,,2130,2211,,1250,774,1759,0.44,248,661,0.375,334,483,0.692,317,1079,317,168,116,373,443,2025,False,-1.0625130795325974,-0.022125622686153274
107,Green Bay,32,4,28,0.125,-13.12,-2.44,,2,18,,3,11,,1,17,,2237,2570,,1285,742,1716,0.432,259,788,0.329,494,630,0.784,197,958,447,157,64,401,583,2025,False,-1.063580842156195,-0.02213480835268345
172,Mercyhurst,31,15,16,0.484,-15.23,-9.27,,9,7,,11,2,,4,14,,2105,2167,,1255,735,1703,0.432,214,610,0.351,421,525,0.802,235,849,419,227,67,335,519,2025,False,-1.0723224892793628,-0.02220964261942323
5,Alabama A&M,32,10,22,0.313,-20.29,-9.7,,6,12,,8,9,,2,12,,2337,2521,,1300,795,1966,0.404,257,807,0.318,490,738,0.664,447,1172,432,266,131,513,687,2025,False,-1.0856417927859863,-0.02232241431350399
285,Southern Indiana,30,10,20,0.333,-13.56,-8.1,,5,15,,8,7,,2,13,,2144,2204,,1215,766,1791,0.428,216,616,0.351,396,542,0.731,315,1075,343,201,86,351,516,2025,False,-1.0996356046291873,-0.022439289948973304
201,New Orleans,31,4,27,0.129,-15.07,-0.52,,2,18,,0,11,,3,15,,2105,2556,,1252,758,1840,0.412,172,565,0.304,417,623,0.669,375,1104,380,226,81,408,465,2025,False,-1.1021645180969843,-0.022460237373396343
54,Coastal Carolina,32,10,22,0.313,-11.93,-5.73,,3,15,,6,8,,3,13,,2136,2275,,1285,740,1728,0.428,239,689,0.347,417,594,0.702,321,1171,367,105,53,382,566,2025,False,-1.104358624833076,-0.02247836866715302
8,Alcorn State,32,11,21,0.344,-13.72,-6.63,,11,7,,6,3,,5,17,,2081,2307,,1285,754,1833,0.411,171,538,0.318,402,561,0.717,377,1087,329,211,86,418,544,2025,False,-1.1376821741838716,-0.02274890758110503
296,Stony Brook,32,8,24,0.25,-13.43,-4.01,,4,14,,5,9,,3,13,,2128,2372,,1280,739,1784,0.414,236,700,0.337,414,555,0.746,335,1059,361,163,66,376,487,2025,False,-1.1594293559902917,-0.02292066340866779
217,Northern Illinois,31,6,25,0.194,-16.37,-4.3,,2,16,,5,10,,1,15,,2199,2383,,1255,756,1843,0.41,295,882,0.334,392,556,0.705,229,1018,388,190,110,355,612,2025,False,-1.1624394048666353,-0.02294414338664549
351,Western Carolina,30,8,22,0.267,-15.64,-2.15,,4,14,,7,7,,1,14,,2090,2371,,1215,720,1828,0.394,272,892,0.305,378,507,0.746,310,1152,362,158,93,420,509,2025,False,-1.163669699788647,-0.02295372001102543
235,Pennsylvania,27,8,19,0.296,-10.14,-2.32,,4,10,,5,8,,3,10,,1878,2089,,1085,666,1578,0.422,228,700,0.326,318,456,0.697,261,927,371,133,47,300,413,2025,False,-1.1763662435338458,-0.023051864846320123
240,Prairie View,32,5,27,0.156,-19.05,-7.05,,4,14,,3,7,,2,19,,2286,2637,,1280,820,1884,0.435,202,634,0.319,444,643,0.691,283,894,390,259,102,381,604,2025,False,-1.204954514815661,-0.02326834436831105
261,Saint Peter's,28,12,16,0.429,-10.27,-8.08,,7,13,,6,6,,6,10,,1848,1842,,1130,624,1581,0.395,199,604,0.329,401,543,0.738,377,1043,289,190,101,381,528,2025,False,-1.2334679978749798,-0.0234781801908972
38,Cal State Fullerton,32,6,26,0.188,-15.33,1.01,,1,19,,4,11,,2,15,,2024,2475,,1280,683,1701,0.402,156,575,0.271,502,677,0.742,303,1064,288,170,62,474,568,2025,False,-1.262103512946376,-0.023682977732093814
15,Arkansas-Pine Bluff,31,6,25,0.194,-24.02,-8.12,,3,15,,4,8,,2,17,,2242,2602,,1240,834,1838,0.454,225,696,0.323,349,589,0.593,306,1053,452,220,66,449,588,2025,False,-1.2946373477830502,-0.02390864914912396
344,Wagner,30,14,16,0.467,-15.38,-9.92,,6,10,,8,6,,6,10,,1874,1818,,1215,663,1635,0.406,207,620,0.334,341,483,0.706,340,1046,378,212,47,353,512,2025,False,-1.3396634520432351,-0.024209105422701938
198,New Hampshire,32,8,24,0.25,-19.36,-7.02,,6,10,,6,7,,2,15,,2124,2450,,1280,772,1872,0.412,249,765,0.325,331,502,0.659,331,1098,359,181,76,424,529,2025,False,-1.3751487568416252,-0.024436546400558094
166,Maryland-Eastern Shore,31,6,25,0.194,-20.38,-4.19,,2,12,,5,7,,1,17,,2090,2410,,1240,738,1740,0.424,210,639,0.329,404,608,0.664,307,1021,361,165,62,416,557,2025,False,-1.4022909053169548,-0.02460514562097684
312,The Citadel,30,5,25,0.167,-18.21,-4.32,,0,18,,5,12,,0,12,,1997,2251,,1215,706,1685,0.419,226,766,0.295,359,582,0.617,318,1032,368,180,61,376,483,2025,False,-1.414454112896578,-0.02467922780127039
204,NJIT,31,6,25,0.194,-17.51,-7.44,,3,13,,4,9,,1,16,,2023,2269,,1245,726,1815,0.4,212,688,0.308,359,491,0.731,333,1100,312,148,114,375,570,2025,False,-1.4860392162913099,-0.02509743608154455
43,Canisius,31,3,28,0.097,-18.89,-5.05,,3,17,,1,12,,2,15,,2008,2437,,1240,729,1673,0.436,254,692,0.367,296,390,0.759,180,802,348,191,75,380,495,2025,False,-1.506426758699866,-0.025211166866794258
50,Chicago State,32,4,28,0.125,-20.68,-4.52,,4,12,,3,7,,1,19,,2001,2518,,1290,709,1858,0.382,232,759,0.306,351,498,0.705,273,981,344,235,114,412,607,2025,False,-1.5397310125890893,-0.0253920368061848
61,Coppin State,30,6,24,0.2,-20.93,-5.38,,4,10,,5,6,,1,17,,1867,2292,,1205,653,1644,0.397,155,528,0.294,406,596,0.681,290,919,336,244,57,447,520,2025,False,-1.6400977767599736,-0.025902063038533134
183,Mississippi Valley State,31,3,28,0.097,-34.18,-4.36,,1,17,,2,9,,1,19,,1678,2506,,1240,610,1568,0.389,140,473,0.296,318,482,0.66,238,868,258,186,60,501,507,2025,False,-2.3104213778616662,-0.028261738515189854
