School,Champion_Probability,Win_Pct,SRS,SOS,Points_For,Points_Against,Point_Differential,Win_Margin,SRS_SOS_Product,FG_Pct,FT_Pct,3P_Pct,EFG_Pct,TO_Rate,ORB_Pct,Previous_Year_Tournament,Tournament_Streak
Duke,0.14902669214224548,0.906,30.77,9.12,2665,1972,693,21.65625,280.62239999999997,0.48923884514435695,0.7879799666110183,0.38122827346465815,0.5755905511811024,0.12259463658580007,0.29180064308681675,0.0,0.0
Florida,0.1307882607807856,0.871,27.05,10.76,2619,2114,505,16.29032258064516,291.058,0.4685771744595274,0.7111111111111111,0.35246842709529275,0.545751633986928,0.12744494070537501,0.32927756653992396,0.0,0.0
Tennessee,0.08409521726155515,0.806,24.8,12.18,2311,1920,391,12.612903225806452,302.064,0.4543918918918919,0.7363945578231292,0.34554973821989526,0.5287162162162162,0.13882305139838827,0.3119584055459272,0.0,0.0
Texas Tech,0.06677663431944156,0.781,24.21,10.28,2590,2144,446,13.9375,248.87879999999998,0.47134744450180693,0.7712765957446809,0.38078703703703703,0.5562725864739287,0.12843217026436288,0.3137755102040816,0.0,0.0
Gardner-Webb,0.06115207564411894,0.355,-7.84,-3.48,2287,2422,-135,-4.354838709677419,27.2832,0.46422535211267607,0.6920684292379471,0.3299319727891156,0.5188732394366197,0.1804119605562901,0.3153232949512843,0.0,0.0
Miami (OH),0.05919396632892791,0.75,-1.16,-5.69,2594,2333,261,8.15625,6.6004,0.4831867563372995,0.7230483271375465,0.3946135831381733,0.5703569580962234,0.15302218821729152,0.27956003666361134,0.0,0.0
Auburn,0.05480708720743478,0.871,30.22,15.06,2640,2170,470,15.161290322580646,455.1132,0.4851948051948052,0.7468944099378882,0.3721227621483376,0.5607792207792208,0.11394822577797749,0.3160621761658031,0.0,0.0
Boston University,0.052510170112938404,0.5,-10.58,-7.97,2148,2191,-43,-1.34375,84.3226,0.4383561643835616,0.663003663003663,0.33783783783783783,0.509703196347032,0.17513787449694443,0.3104982206405694,0.0,0.0
Manhattan,0.04020355720057379,0.567,-7.17,-8.14,2280,2235,45,1.5,58.363800000000005,0.43781094527363185,0.7703180212014135,0.3443708609271523,0.5096738529574351,0.14676373526143846,0.32281334535617673,0.0,0.0
Houston,0.03110973874910395,0.875,28.12,12.28,2377,1870,507,15.84375,345.3136,0.4604354753053638,0.7348484848484849,0.3984375,0.528146574614976,0.12384439510918187,0.34167385677308026,0.0,0.0
Eastern Michigan,0.030467861089297762,0.5,-9.07,-5.23,2355,2449,-94,-2.9375,47.4361,0.4597130242825607,0.7368421052631579,0.3492753623188406,0.5262141280353201,0.16669872411361158,0.3077660594439118,0.0,0.0
Alcorn State,0.025028277290621112,0.344,-13.72,-6.63,2081,2307,-226,-7.0625,90.9636,0.41134751773049644,0.7165775401069518,0.31784386617100374,0.4579923622476814,0.16734458572206384,0.3468261269549218,0.0,0.0
Oklahoma State,0.02377992580563881,0.469,6.97,10.87,2323,2448,-125,-3.90625,75.76389999999999,0.4256130790190736,0.7225130890052356,0.3245341614906832,0.4825613079019074,0.16787011911879687,0.31899641577060933,0.0,0.0
Michigan State,0.021661157544700608,0.839,22.57,11.18,2431,2078,353,11.387096774193548,252.33259999999999,0.4628323385784048,0.7889374090247453,0.30198019801980197,0.5124796527400977,0.14437956670176444,0.2997582594681708,0.0,0.0
Brigham Young,0.020903057206910176,0.75,20.25,9.22,2618,2265,353,11.03125,186.705,0.487434554973822,0.7003424657534246,0.37554112554112556,0.5782722513089005,0.15152938965371424,0.2938230383973289,0.0,0.0
Furman,0.019627469359954443,0.735,0.11,-3.47,2638,2368,270,7.9411764705882355,-0.38170000000000004,0.4573604060913706,0.6883308714918759,0.36742800397219466,0.5512690355329949,0.14351103524328895,0.2884770346494762,0.0,0.0
Stony Brook,0.019617604517952976,0.25,-13.43,-4.01,2128,2372,-244,-7.625,53.854299999999995,0.414237668161435,0.745945945945946,0.33714285714285713,0.48038116591928254,0.15639297895349805,0.31633616619452315,0.0,0.0
Memphis,0.0194804677339321,0.839,13.12,6.06,2480,2261,219,7.064516129032258,79.50719999999998,0.4774972557628979,0.7092198581560284,0.3883495145631068,0.5433589462129528,0.16782452579814222,0.31370826010544817,0.0,0.0
Iona,0.018949984040288054,0.5,-8.12,-7.46,2239,2260,-21,-0.65625,60.575199999999995,0.42032686414708886,0.6832412523020258,0.3226744186046512,0.4770173646578141,0.17468594097493537,0.3918918918918919,0.0,0.0
East Texas A&M,0.01843256199764587,0.161,-12.27,-1.75,1995,2321,-326,-10.516129032258064,21.4725,0.4159859976662777,0.64375,0.3140096618357488,0.4918319719953326,0.1979001749854179,0.3206751054852321,0.0,0.0
Iowa State,0.018081669706613786,0.727,23.16,10.85,2652,2246,406,12.303030303030303,251.286,0.4796663190823775,0.7574525745257452,0.3578500707213578,0.5456204379562044,0.14910536779324055,0.2917023096663815,0.0,0.0
Arizona,0.018035324505157106,0.656,23.13,13.19,2629,2311,318,9.9375,305.0847,0.47255002565418164,0.7856154910096819,0.32111436950146627,0.5287326834273987,0.13997845318119054,0.3102906520031422,0.0,0.0
Maryland-Eastern Shore,0.01794047847726262,0.194,-20.38,-4.19,2090,2410,-320,-10.32258064516129,85.3922,0.4241379310344828,0.6644736842105263,0.3286384976525822,0.4844827586206897,0.1716511520433089,0.3006856023506366,0.0,0.0
Washington,0.017382162857196532,0.419,6.37,10.87,2219,2339,-120,-3.870967741935484,69.2419,0.4449463579898362,0.6821829855537721,0.344391785150079,0.5064935064935064,0.15425206358658794,0.29277942631058357,0.0,0.0
UCF,0.01725800474487057,0.515,10.8,11.61,2617,2644,-27,-0.8181818181818182,125.388,0.4243452958292919,0.7767379679144385,0.33607520564042304,0.49369544131910764,0.14880104801503674,0.33525535420098845,0.0,0.0
Tarleton State,0.01722023631014441,0.375,-9.88,0.12,2025,2227,-202,-6.3125,-1.1856,0.4318463444857497,0.7327459618208517,0.3235294117647059,0.47273853779429986,0.22701200497649093,0.3120494335736354,0.0,0.0
Central Connecticut State,0.016524557502026502,0.781,-4.03,-10.76,2312,2012,300,9.375,43.3628,0.47619047619047616,0.7424892703862661,0.345565749235474,0.5380405035577449,0.15085414368334837,0.24010554089709762,0.0,0.0
Tennessee State,0.01608093102541206,0.515,-7.8,-8.5,2577,2418,159,4.818181818181818,66.3,0.46283095723014256,0.6809583858764187,0.32540861812778604,0.5185845213849287,0.1795013693187462,0.31988041853512705,0.0,0.0
Delaware State,0.016063227130707198,0.533,-11.91,-8.72,2360,2229,131,4.366666666666666,103.85520000000001,0.46109052408681844,0.7234375,0.36904761904761907,0.5021175224986766,0.14865076874803893,0.35561497326203206,0.0,0.0
Southern Methodist,0.015526950812109353,0.697,15.03,6.13,2641,2347,294,8.909090909090908,92.1339,0.480719794344473,0.7208976157082749,0.3762811127379209,0.5467866323907455,0.1491682738669238,0.32517758484609316,0.0,0.0
Fairfield,0.015254251091405022,0.375,-14.12,-7.28,2161,2324,-163,-5.09375,102.7936,0.4072727272727273,0.726,0.31550068587105623,0.467012987012987,0.13368336025848143,0.33301707779886147,0.0,0.0
Stephen F. Austin,0.01482629431680309,0.452,-8.02,-3.31,2065,2118,-53,-1.7096774193548387,26.5462,0.4221105527638191,0.6328671328671329,0.2898330804248862,0.47543271915131213,0.19123562763295426,0.34935622317596565,0.0,0.0
Jackson State,0.014279474178080665,0.469,-9.51,-5.63,2301,2425,-124,-3.875,53.5413,0.4227078891257996,0.7268847795163584,0.32075471698113206,0.47707889125799574,0.16854873074815852,0.3071613459879206,0.0,0.0
Boise State,0.014115835190255291,0.719,14.27,5.4,2418,2108,310,9.6875,77.058,0.4614518851997749,0.776824034334764,0.312751677852349,0.5270118176702308,0.1451676399186405,0.2929553264604811,0.0,0.0
Rider,0.013847007678027469,0.424,-11.69,-6.87,2211,2370,-159,-4.818181818181818,80.3103,0.4297782470960929,0.7219251336898396,0.3117338003502627,0.4767687434002112,0.14736104251963486,0.32625994694960214,0.0,0.0
Alabama,0.012748487940673741,0.774,26.0,15.9,2826,2513,313,10.096774193548388,413.40000000000003,0.48390342052313884,0.7169344870210136,0.35038084874863984,0.5648893360160966,0.1463968885198619,0.3037974683544304,0.0,0.0
New Orleans,0.012733446053091088,0.129,-15.07,-0.52,2105,2556,-451,-14.548387096774194,7.8364,0.41195652173913044,0.6693418940609952,0.30442477876106194,0.45869565217391306,0.16176867080075494,0.33967391304347827,0.0,0.0
Alabama A&M,0.012509849209396354,0.313,-20.29,-9.7,2337,2521,-184,-5.75,196.813,0.4043743641912513,0.6639566395663956,0.3184634448574969,0.469735503560529,0.18297119541181,0.38139931740614336,0.0,0.0
St. John's (NY),0.011978428796522108,0.875,21.14,8.52,2515,2111,404,12.625,180.1128,0.4496420047732697,0.6886792452830188,0.3001555209953344,0.4957040572792363,0.13099925352380673,0.35877862595419846,0.0,0.0
Virginia Tech,0.011971675612465002,0.406,3.07,7.07,2213,2341,-128,-4.0,21.7049,0.4415073115860517,0.7135036496350365,0.35048678720445064,0.5123734533183352,0.1755732671326844,0.3048780487804878,0.0,0.0
Illinois,0.011751487662786815,0.656,22.46,12.25,2701,2374,327,10.21875,275.135,0.4526829268292683,0.7601683029453016,0.3139896373056995,0.5265853658536586,0.13344478172246416,0.306047197640118,0.0,0.0
Vermont,0.011316117168597043,0.636,-7.64,-7.18,2199,2106,93,2.8181818181818183,54.855199999999996,0.43376187814421463,0.7200736648250461,0.3303225806451613,0.5053102291783119,0.15465292715055107,0.25866666666666666,0.0,0.0
Columbia,0.011146882820186037,0.444,-8.81,-5.33,2117,2109,8,0.2962962962962963,46.957300000000004,0.46586102719033234,0.7354166666666667,0.33687405159332323,0.5329305135951662,0.13649824171756433,0.275531914893617,0.0,0.0
Florida A&M,0.010834020517868238,0.452,-13.1,-5.75,2235,2334,-99,-3.193548387096774,75.325,0.44044160371876817,0.713128038897893,0.34572490706319703,0.5214991284137129,0.17580290219567482,0.27977315689981097,0.0,0.0
Wisconsin,0.01077893195931105,0.75,20.72,10.97,2574,2262,312,9.75,227.2984,0.4588859416445623,0.8338557993730408,0.348993288590604,0.5416445623342175,0.1273310445981013,0.25798101811906815,0.0,0.0
Texas Southern,0.010760108606638197,0.469,-9.96,-7.92,2325,2307,18,0.5625,78.8832,0.42857142857142855,0.7220216606498195,0.33428981348637016,0.4875886524822695,0.1668069247415244,0.3064113238967527,0.0,0.0
Detroit Mercy,0.01063698013624741,0.25,-13.36,-3.0,2146,2428,-282,-8.8125,40.08,0.411702688455456,0.7345454545454545,0.32967032967032966,0.4591460200316289,0.16281800391389434,0.31814415907207955,0.0,0.0
Gonzaga,0.01055190082824369,0.758,23.8,6.8,2859,2298,561,17.0,161.84,0.49952380952380954,0.8009259259259259,0.3442389758179232,0.5571428571428572,0.11535094877082623,0.28963893249607536,0.0,0.0
SIU Edwardsville,0.010450679478195961,0.667,-5.72,-8.35,2396,2182,214,6.484848484848484,47.76199999999999,0.4336193841494195,0.6755485893416928,0.3411602209944751,0.49596163553760725,0.14222215479838585,0.31181102362204727,0.0,0.0
Arkansas-Pine Bluff,0.010373506860650016,0.194,-24.02,-8.12,2242,2602,-360,-11.612903225806452,195.0424,0.45375408052230687,0.5925297113752123,0.3232758620689655,0.514961915125136,0.17634398466710655,0.2905982905982906,0.0,0.0
Xavier,0.010242355155203773,0.656,15.6,8.44,2497,2268,229,7.15625,131.664,0.46644664466446645,0.7943786982248521,0.38823529411764707,0.5390539053905391,0.1450833319862272,0.23654916512059368,0.0,0.0
Sacramento State,0.010196227191375643,0.219,-13.59,-3.55,2119,2257,-138,-4.3125,48.244499999999995,0.4284893739230327,0.6746765249537893,0.3283208020050125,0.5037334865020103,0.17575717189218007,0.2822429906542056,0.0,0.0
Massachusetts-Lowell,0.010062887469143076,0.531,-7.14,-7.11,2543,2371,172,5.375,50.7654,0.49701573521432446,0.7722929936305732,0.3536776212832551,0.5583288117200217,0.15910678009141696,0.23930131004366811,0.0,0.0
The Citadel,0.010044664809405641,0.167,-18.21,-4.32,1997,2251,-254,-8.466666666666667,78.66720000000001,0.41899109792284867,0.6168384879725086,0.2950391644908616,0.486053412462908,0.16227320593160358,0.3081395348837209,0.0,0.0
Albany (NY),0.009967992737083644,0.515,-9.32,-8.13,2463,2437,26,0.7878787878787878,75.7716,0.44080234833659493,0.7157360406091371,0.3233695652173913,0.49902152641878667,0.13415807353515918,0.35094001790510293,0.0,0.0
Connecticut,0.00993075189171719,0.719,18.26,8.32,2492,2174,318,9.9375,151.9232,0.481663929939792,0.7926829268292683,0.3537675606641124,0.5574712643678161,0.14896298842672168,0.30856643356643354,0.0,0.0
Wagner,0.009879840913056258,0.467,-15.38,-9.92,1874,1818,56,1.8666666666666667,152.5696,0.4055045871559633,0.7060041407867494,0.3338709677419355,0.4688073394495413,0.16041662879682983,0.32504780114722753,0.0,0.0
Siena,0.009850635342896687,0.438,-7.06,-7.19,2311,2307,4,0.125,50.7614,0.42857142857142855,0.7430249632892805,0.3278463648834019,0.4939792008757526,0.15125876023690554,0.3058252427184466,0.0,0.0
Long Beach State,0.00981842372644526,0.219,-9.68,0.08,2152,2374,-222,-6.9375,-0.7744,0.4334511189634865,0.7561374795417348,0.3488,0.49764428739693756,0.1895469004961184,0.29774730656219395,0.0,0.0
Colorado State,0.009195203125103548,0.719,13.29,5.39,2406,2153,253,7.90625,71.63309999999998,0.4781390134529148,0.7888888888888889,0.3569553805774278,0.554372197309417,0.1561195525129404,0.23371989295272078,0.0,0.0
Winthrop,0.009055110973230654,0.676,-1.34,-3.83,2879,2651,228,6.705882352941177,5.1322,0.4738372093023256,0.668041237113402,0.3420398009950249,0.5404554263565892,0.15186597657314083,0.3208841463414634,0.0,0.0
Prairie View,0.00899459104680739,0.156,-19.05,-7.05,2286,2637,-351,-10.96875,134.3025,0.43524416135881105,0.6905132192846034,0.3186119873817035,0.4888535031847134,0.14953373732299285,0.31655480984340045,0.0,0.0
Missouri,0.008690056935692223,0.688,20.73,9.36,2706,2342,364,11.375,194.03279999999998,0.4869281045751634,0.7291666666666666,0.37209302325581395,0.565359477124183,0.13436660208736956,0.31636363636363635,0.0,0.0
Long Island University,0.008678884500534608,0.515,-10.6,-9.6,2235,2156,79,2.393939393939394,101.75999999999999,0.4350785340314136,0.7181467181467182,0.30970724191063176,0.48769633507853405,0.16745069939873516,0.32593856655290104,0.0,0.0
Northwestern State,0.00859517167375784,0.5,-4.94,-1.31,2146,2204,-58,-1.8125,6.471400000000001,0.4305239179954442,0.7147826086956521,0.353968253968254,0.4940205011389522,0.17325102880658436,0.325,0.0,0.0
Robert Morris,0.008458021819141518,0.765,0.04,-5.72,2613,2395,218,6.411764705882353,-0.2288,0.4505,0.7222946544980443,0.35013623978201636,0.51475,0.159022550980759,0.33280881195908735,0.0,0.0
Southern Utah,0.00840786281410351,0.387,-10.15,-1.65,2163,2285,-122,-3.935483870967742,16.7475,0.4246498599439776,0.7288401253918495,0.3127147766323024,0.4756302521008403,0.1782219181133937,0.2967798085291558,0.0,0.0
Alabama State,0.008361190703696541,0.531,-9.2,-8.68,2373,2338,35,1.09375,79.856,0.40857565303104976,0.6904376012965965,0.332183908045977,0.47979300147856085,0.1143415926205399,0.3197573656845754,0.0,0.0
Coppin State,0.008310351461240158,0.2,-20.93,-5.38,1867,2292,-425,-14.166666666666666,112.6034,0.39720194647201945,0.6812080536912751,0.2935606060606061,0.4443430656934307,0.1899508762387177,0.31556039173014144,0.0,0.0
Louisiana-Monroe,0.008052150129566766,0.219,-14.94,-4.14,2205,2417,-212,-6.625,61.85159999999999,0.40729166666666666,0.7133220910623946,0.331306990881459,0.4640625,0.14638423120880498,0.3116883116883117,0.0,0.0
Texas A&M-Corpus Christi,0.008025367930778775,0.588,-0.93,-3.33,2576,2291,285,8.382352941176471,3.0969,0.4898785425101215,0.630901287553648,0.3431034482758621,0.5402327935222672,0.1515849544502073,0.307258064516129,0.0,0.0
Bethune-Cookman,0.00790916329932731,0.531,-9.35,-6.38,2215,2310,-95,-2.96875,59.653,0.4355108877721943,0.6898638426626323,0.32730263157894735,0.49106644332774985,0.17512996069481424,0.27763041556145,0.0,0.0
Mississippi State,0.007801198828098577,0.636,17.67,12.06,2632,2447,185,5.606060606060606,213.10020000000003,0.4510739856801909,0.6998491704374057,0.31376975169300225,0.5174224343675418,0.12820887453793667,0.3399523431294678,0.0,0.0
Navy,0.007545863407600004,0.441,-9.44,-8.32,2407,2393,14,0.4117647058823529,78.5408,0.4229408792319353,0.7322239031770046,0.3378561736770692,0.48585144012127335,0.13918174784969886,0.3149671052631579,0.0,0.0
Bryant,0.007425590850014152,0.667,-2.05,-7.46,2721,2452,269,8.151515151515152,15.293,0.45877475817595575,0.7145038167938931,0.33764553686934023,0.518885306310456,0.13657748753598764,0.32454212454212455,0.0,0.0
Canisius,0.007418201424830606,0.097,-18.89,-5.05,2008,2437,-429,-13.838709677419354,95.3945,0.43574417214584577,0.7589743589743589,0.3670520231213873,0.511655708308428,0.17081722556864157,0.22443890274314215,0.0,0.0
Washington State,0.0074163574670937146,0.576,5.03,4.58,2601,2586,15,0.45454545454545453,23.0374,0.490852064819655,0.6983870967741935,0.36523929471032746,0.5666492420282279,0.18098021582733811,0.2921847246891652,0.0,0.0
Mount St. Mary's,0.007222597904462319,0.625,-8.31,-7.25,2272,2269,3,0.09375,60.2475,0.4445061043285239,0.7338003502626971,0.34668508287292815,0.5141509433962265,0.1907584619507812,0.276578073089701,0.0,0.0
Utah Tech,0.0070825658804628926,0.212,-9.76,-1.12,2305,2508,-203,-6.151515151515151,10.9312,0.42452830188679247,0.694620253164557,0.3333333333333333,0.4889937106918239,0.16019484610538287,0.30458715596330277,0.0,0.0
Howard,0.0070444082253936,0.375,-11.68,-6.54,2480,2538,-58,-1.8125,76.38719999999999,0.4648884050081655,0.7392592592592593,0.37244201909959074,0.5391943385955362,0.18300153139356815,0.29357798165137616,0.0,0.0
Marist,0.006698419493185629,0.667,-8.6,-10.1,1979,1934,45,1.5,86.86,0.4398364485981308,0.7075718015665796,0.3141524105754277,0.49883177570093457,0.15992709468756142,0.2873030583873957,0.0,0.0
Colorado,0.0066068275991850505,0.412,10.6,12.16,2377,2430,-53,-1.5588235294117647,128.896,0.4456462952947539,0.7544642857142857,0.32220609579100146,0.5056787452677123,0.18628968615309902,0.2680672268907563,0.0,0.0
Little Rock,0.006585031229529112,0.576,-6.58,-7.39,2287,2219,68,2.0606060606060606,48.6262,0.44508975712777193,0.7043795620437956,0.3687821612349914,0.5018479408658922,0.17662121305608688,0.30755395683453235,0.0,0.0
Milwaukee,0.006481417495804515,0.656,0.46,-3.68,2510,2295,215,6.71875,-1.6928,0.46776689014956163,0.6842105263157895,0.3083197389885807,0.5165033522434245,0.1573637297064032,0.3687150837988827,0.0,0.0
New Mexico,0.006433543992813721,0.813,15.39,5.81,2612,2263,349,10.90625,89.4159,0.46047430830039526,0.6860158311345647,0.3475609756097561,0.516798418972332,0.1359711491944351,0.3080568720379147,0.0,0.0
IU Indy,0.006403783850074315,0.313,-11.43,-4.15,2402,2458,-56,-1.75,47.4345,0.42872397223705283,0.740506329113924,0.3735763097949886,0.5162840363053924,0.13265701106415922,0.34109972041006525,0.0,0.0
New Hampshire,0.006350329050975324,0.25,-19.36,-7.02,2124,2450,-326,-10.1875,135.9072,0.41239316239316237,0.6593625498007968,0.3254901960784314,0.47889957264957267,0.1684625409236833,0.30145719489981787,0.0,0.0
Morgan State,0.006281965349229113,0.452,-15.09,-8.38,2504,2526,-22,-0.7096774193548387,126.45420000000001,0.48058001035732784,0.7254335260115607,0.34679334916864607,0.5183842568617296,0.15816349586515432,0.33275862068965517,0.0,0.0
Santa Clara,0.006125071531658838,0.625,13.28,4.85,2601,2331,270,8.4375,64.40799999999999,0.467005076142132,0.7275922671353251,0.3767643865363735,0.5550761421319796,0.14777228482820032,0.30033003300330036,0.0,0.0
Saint Peter's,0.006026707843773784,0.429,-10.27,-8.08,1848,1842,6,0.21428571428571427,82.9816,0.3946869070208729,0.7384898710865562,0.3294701986754967,0.4576217583807717,0.17310942696690473,0.36145733461169705,0.0,0.0
Princeton,0.005943000455730349,0.655,-2.72,-2.42,2152,2103,49,1.6896551724137931,6.582400000000001,0.4352009054895303,0.7080459770114943,0.3583138173302108,0.5217883418222977,0.13437057991513437,0.28904665314401623,0.0,0.0
Clemson,0.005884171655397975,0.844,18.71,7.62,2446,2091,355,11.09375,142.5702,0.4676564156945917,0.7640449438202247,0.3727891156462585,0.5402969247083775,0.13675436311539463,0.3153232949512843,0.0,0.0
Western Illinois,0.005857664354731416,0.387,-14.96,-8.24,2130,2211,-81,-2.6129032258064515,123.27040000000001,0.44002274019329163,0.6915113871635611,0.3751891074130106,0.5105173393973849,0.15909439885349666,0.293790546802595,0.0,0.0
Norfolk State,0.005821579919282787,0.688,-3.29,-7.29,2503,2225,278,8.6875,23.9841,0.4936708860759494,0.7610872675250357,0.33270676691729323,0.5423775454045129,0.15476057862155668,0.28906955736224027,0.0,0.0
Northeastern,0.005802795255974682,0.531,-4.22,-4.66,2243,2229,14,0.4375,19.6652,0.4518398268398268,0.6872586872586872,0.33695652173913043,0.510551948051948,0.16121733227740695,0.3110091743119266,0.0,0.0
Georgia State,0.005768266449925983,0.424,-7.22,-2.72,2479,2583,-104,-3.1515151515151514,19.6384,0.4494494494494494,0.6859756097560976,0.3451851851851852,0.5077577577577578,0.14602411078412333,0.31314741035856575,0.0,0.0
Michigan,0.00571704561745613,0.71,19.34,12.44,2435,2221,214,6.903225806451613,240.5896,0.477728285077951,0.717391304347826,0.33638743455497383,0.5492761692650334,0.1766084835429404,0.28693424423569597,0.0,0.0
Bellarmine,0.005707943402049317,0.161,-14.65,-4.27,2252,2484,-232,-7.483870967741935,62.555499999999995,0.4670109007458405,0.7725225225225225,0.36211340206185566,0.5476190476190477,0.16065056985485154,0.22552255225522552,0.0,0.0
Chattanooga,0.005682981677967953,0.727,1.06,-4.11,2602,2375,227,6.878787878787879,-4.3566,0.48039728175640356,0.7672413793103449,0.3641552511415525,0.5637741766858337,0.13555537835898254,0.24840182648401826,0.0,0.0
Binghamton,0.005498358250507956,0.469,-13.1,-8.72,2233,2287,-54,-1.6875,114.232,0.4610951008645533,0.692967409948542,0.358609794628752,0.5265129682997118,0.17791390783151428,0.24717145343777197,0.0,0.0
Loyola (MD),0.005433759490613124,0.387,-11.47,-8.1,2145,2205,-60,-1.935483870967742,92.907,0.4356379988757729,0.6971428571428572,0.3252840909090909,0.5,0.1561712846347607,0.29980657640232106,0.0,0.0
Samford,0.005253037487935338,0.688,1.62,-3.81,2667,2406,261,8.15625,-6.1722,0.46176327325864586,0.7225042301184433,0.3644067796610169,0.5455431076473454,0.15056701333803396,0.36221837088388215,0.0,0.0
Cal State Fullerton,0.005191028622305301,0.188,-15.33,1.01,2024,2475,-451,-14.09375,-15.4833,0.40152851263962375,0.741506646971935,0.271304347826087,0.44738389182833627,0.19167933745268673,0.28477443609022557,0.0,0.0
North Florida,0.005148570443498179,0.469,-7.93,-3.2,2651,2712,-61,-1.90625,25.376,0.44423529411764706,0.6847195357833655,0.35658238884045335,0.5404705882352941,0.13207992680263275,0.31353711790393013,0.0,0.0
Maryland,0.005140342078253768,0.774,23.11,8.21,2527,2065,462,14.903225806451612,189.7331,0.4745139253809774,0.7544141252006421,0.3696612665684831,0.5404624277456648,0.13162513162513162,0.2889273356401384,0.0,0.0
Abilene Christian,0.005127702466957053,0.5,-5.35,-1.9,2260,2250,10,0.3125,10.165,0.44390243902439025,0.7147147147147147,0.3022774327122153,0.4834688346883469,0.18209361754219522,0.3283996299722479,0.0,0.0
Sacred Heart,0.005111858026363448,0.455,-8.59,-8.0,2502,2481,21,0.6363636363636364,68.72,0.4380812530592266,0.7313432835820896,0.34945054945054943,0.5159079784630446,0.15121943951967343,0.3180703188879804,0.0,0.0
Marquette,0.00504412619994702,0.719,19.33,10.24,2474,2183,291,9.09375,197.9392,0.44688279301745637,0.7269230769230769,0.3282937365010799,0.5226932668329177,0.11455525606469003,0.32598714416896235,0.0,0.0
UCLA,0.004983042740477444,0.71,19.8,9.96,2322,2017,305,9.838709677419354,197.20800000000003,0.47170868347338935,0.7054794520547946,0.3542319749216301,0.5350140056022409,0.1405747571507938,0.3253731343283582,0.0,0.0
Buffalo,0.00497681548696769,0.29,-14.87,-3.63,2226,2508,-282,-9.096774193548388,53.9781,0.42613948380010985,0.6996753246753247,0.30375,0.4928610653487095,0.1773467975336605,0.2675397567820393,0.0,0.0
Southern,0.004917961179107217,0.625,-6.62,-7.69,2392,2184,208,6.5,50.9078,0.43560800410466904,0.6685159500693482,0.3221884498480243,0.4899948691636737,0.15034267632459022,0.347571189279732,0.0,0.0
North Alabama,0.0048975035724890545,0.706,1.75,-5.25,2691,2400,291,8.558823529411764,-9.1875,0.459802538787024,0.7055306427503737,0.35254691689008044,0.5216267042783262,0.10860121633362294,0.326625386996904,0.0,0.0
Louisville,0.004878954961671217,0.813,19.33,8.8,2534,2197,337,10.53125,170.10399999999998,0.4570826750921538,0.7450682852807283,0.3329718004338395,0.5379146919431279,0.14224360883399426,0.29657477025898077,0.0,0.0
Utah State,0.004861416099010086,0.813,14.94,5.03,2597,2226,371,11.59375,75.1482,0.49377368706009744,0.7055393586005831,0.37146529562982006,0.5720086626962642,0.1376492872736612,0.3254759746146872,0.0,0.0
Vanderbilt,0.00481758034643731,0.625,15.14,10.3,2548,2393,155,4.84375,155.942,0.4512379989893886,0.7473997028231798,0.32537688442211055,0.5166750884284993,0.1273435821903096,0.3348254252461952,0.0,0.0
Towson,0.004816514288349119,0.667,-1.59,-3.25,2309,2201,108,3.272727272727273,5.1675,0.42052313883299797,0.6820603907637656,0.3373333333333333,0.4841549295774648,0.12142789776478356,0.35696619950535863,0.0,0.0
Maryland-Baltimore County,0.004815819325202524,0.406,-11.14,-7.79,2559,2522,37,1.15625,86.7806,0.4846113719353156,0.6923076923076923,0.3873144399460189,0.5594679186228482,0.14307501218495983,0.2317429406037001,0.0,0.0
Cal Poly,0.0047818144528012025,0.471,-1.58,-0.28,2795,2805,-10,-0.29411764705882354,0.44240000000000007,0.4623352165725047,0.7669565217391304,0.35911602209944754,0.5541431261770244,0.18484224965706447,0.2879799666110184,0.0,0.0
Seton Hall,0.004750597029963954,0.219,0.15,8.77,1970,2246,-276,-8.625,1.3155,0.4,0.6632302405498282,0.3116883116883117,0.44745762711864406,0.1648750247312537,0.3604417670682731,0.0,0.0
South Carolina State,0.004738037588567891,0.613,-4.68,-8.72,2471,2191,280,9.03225806451613,40.8096,0.46876727473742397,0.7065491183879093,0.3548922056384743,0.5279159756771697,0.16869771526290653,0.3499546690843155,0.0,0.0
Oklahoma,0.004700170363134867,0.606,15.53,11.53,2602,2470,132,4.0,179.06089999999998,0.4720260727865291,0.7942386831275721,0.36964980544747084,0.5494296577946768,0.1558131179805995,0.2599243856332703,0.0,0.0
Kent State,0.004648324179408463,0.688,1.29,-3.25,2369,2184,185,5.78125,-4.1925,0.43859649122807015,0.7590987868284229,0.3142857142857143,0.4981940144478844,0.14675656317149885,0.3523404255319149,0.0,0.0
Utah Valley,0.004637900339970204,0.774,2.17,-3.7,2364,2099,265,8.548387096774194,-8.029,0.46946778711484594,0.6853625170998632,0.33815551537070526,0.5218487394957984,0.15076754385964913,0.28259041211101765,0.0,0.0
Syracuse,0.004614141697004017,0.424,5.41,8.5,2464,2566,-102,-3.090909090909091,45.985,0.45672097759674135,0.7050691244239631,0.328149300155521,0.5104378818737271,0.1556966204454049,0.2973856209150327,0.0,0.0
North Dakota State,0.0046020532485800455,0.656,1.53,-3.17,2595,2386,209,6.53125,-4.8501,0.4769989047097481,0.7754098360655738,0.39790575916230364,0.58105147864184,0.13682822288163535,0.25742574257425743,0.0,0.0
Texas A&M,0.004519075267971771,0.688,20.19,13.81,2378,2174,204,6.375,278.82390000000004,0.416362688900469,0.695,0.3106796116504854,0.4747264200104221,0.14816204051012752,0.39272175890826383,0.0,0.0
St. Thomas,0.004515212761950209,0.706,1.44,-4.08,2827,2544,283,8.323529411764707,-5.8751999999999995,0.4921835602622289,0.7796101949025487,0.3871319520174482,0.5816944024205749,0.12459238294468714,0.2323612417685795,0.0,0.0
Troy,0.004511099740272221,0.697,3.68,-2.77,2438,2159,279,8.454545454545455,-10.1936,0.4383923849814913,0.7199453551912568,0.2990543735224586,0.505288207297726,0.16804005894559562,0.36135113904163396,0.0,0.0
San Diego,0.004476951823573568,0.182,-7.94,2.06,2314,2629,-315,-9.545454545454545,-16.3564,0.40674603174603174,0.7516233766233766,0.29346314325452016,0.45907738095238093,0.16134710161933818,0.3365724381625442,0.0,0.0
Tennessee-Martin,0.004470835641474338,0.424,-10.88,-7.88,2455,2373,82,2.484848484848485,85.73440000000001,0.4186279419128693,0.6994134897360704,0.3224446786090622,0.49524286429644465,0.1586034108890582,0.3481936971560338,0.0,0.0
Oakland,0.004467079221544841,0.471,-2.58,-0.85,2402,2436,-34,-1.0,2.193,0.43648373983739835,0.6986970684039088,0.3050239234449761,0.501270325203252,0.15354592762919037,0.341645885286783,0.0,0.0
UNC Asheville,0.004443201236462788,0.656,-5.05,-4.4,2630,2450,180,5.625,22.220000000000002,0.47265429001505266,0.7157434402332361,0.3483606557377049,0.536628198695434,0.12705223596719464,0.3217777777777778,0.0,0.0
UC San Diego,0.00443392771706699,0.875,12.71,-2.33,2568,1983,585,18.28125,-29.614300000000004,0.46589106292966687,0.7479541734860884,0.36736842105263157,0.5581702802749868,0.11476162371303035,0.27264325323475047,0.0,0.0
Rutgers,0.004386394369368418,0.469,10.55,11.08,2465,2482,-17,-0.53125,116.894,0.44610624033006707,0.717948717948718,0.3285917496443812,0.5056730273336771,0.13439203967838328,0.3170947741364039,0.0,0.0
Radford,0.004334108108454422,0.606,-2.4,-3.11,2441,2314,127,3.8484848484848486,7.4639999999999995,0.4544953116381688,0.7631578947368421,0.3644578313253012,0.5212355212355212,0.14932047207627322,0.3213367609254499,0.0,0.0
Miami (FL),0.004310346344628261,0.226,0.74,7.39,2294,2500,-206,-6.645161290322581,5.4685999999999995,0.4591671173607355,0.764344262295082,0.31320224719101125,0.5194699837750135,0.14109009788905907,0.2998976458546571,0.0,0.0
Monmouth,0.004248620564158725,0.394,-7.76,-2.73,2321,2487,-166,-5.03030303030303,21.1848,0.4109014675052411,0.7417974322396577,0.3524962178517398,0.4719601677148847,0.14106121436654215,0.31761565836298933,0.0,0.0
NJIT,0.004202600044368494,0.194,-17.51,-7.44,2023,2269,-246,-7.935483870967742,130.2744,0.4,0.7311608961303462,0.3081395348837209,0.4584022038567493,0.155857757975761,0.30272727272727273,0.0,0.0
Le Moyne,0.004187722121623364,0.281,-17.4,-7.93,2371,2566,-195,-6.09375,137.98199999999997,0.4583795782463929,0.7039274924471299,0.339142091152815,0.5285793562708102,0.17499054105183504,0.2759276879162702,0.0,0.0
Creighton,0.004134102024976449,0.719,16.45,10.16,2421,2220,201,6.28125,167.132,0.4747530186608123,0.7403100775193798,0.3418141592920354,0.5595499451152579,0.16332930454382125,0.22596548890714874,0.0,0.0
Morehead State,0.004065710578443196,0.469,-13.4,-7.27,2116,2199,-83,-2.59375,97.41799999999999,0.41652613827993257,0.6747720364741642,0.30944625407166126,0.46992692523889823,0.1541594425725408,0.30828351836037576,0.0,0.0
George Washington,0.004055793936709411,0.656,3.47,-1.92,2365,2158,207,6.46875,-6.6624,0.44745575221238937,0.7001375515818432,0.31466666666666665,0.5127212389380531,0.15556296331571343,0.3118942731277533,0.0,0.0
Cleveland State,0.003992308665865153,0.636,-1.8,-3.96,2403,2178,225,6.818181818181818,7.128,0.4503582395087001,0.7234401349072512,0.3338533541341654,0.5051177072671443,0.14939015023503024,0.35455349248452694,0.0,0.0
Pacific,0.003935143303032658,0.273,-6.69,2.5,2295,2500,-205,-6.212121212121212,-16.725,0.4349442379182156,0.7247557003257329,0.29985855728429983,0.49123738714816784,0.16710764517476676,0.2967128027681661,0.0,0.0
Eastern Illinois,0.0039198366070600146,0.387,-12.3,-5.59,2062,2140,-78,-2.5161290322580645,68.757,0.4119933370349806,0.6776315789473685,0.3192307692307692,0.4580788450860633,0.1576040920049521,0.3272394881170018,0.0,0.0
Saint Mary's (CA),0.003911836370621783,0.848,17.91,5.91,2426,2002,424,12.848484848484848,105.8481,0.4554253693326541,0.6944444444444444,0.3232169954476479,0.5096790626591952,0.12640493409724177,0.3533891850723534,0.0,0.0
Drake,0.003827927188905048,0.909,9.15,0.18,2313,1928,385,11.666666666666666,1.647,0.4810126582278481,0.7053824362606232,0.3549432739059968,0.5470162748643761,0.1574237264933865,0.3313782991202346,0.0,0.0
Georgia,0.0038277282384083064,0.625,17.29,11.04,2418,2218,200,6.25,190.88159999999996,0.46353591160220997,0.7170596393897365,0.33483483483483484,0.5251381215469614,0.16258306301766765,0.3225255972696246,0.0,0.0
Louisiana,0.0037997731084833475,0.364,-10.57,-2.2,2159,2410,-251,-7.606060606060606,23.254,0.39905113336847653,0.7288428324697754,0.30972222222222223,0.4578281497100685,0.14230137597857107,0.3119447186574531,0.0,0.0
Cal State Bakersfield,0.0037971483803697146,0.424,-5.29,-1.61,2434,2430,4,0.12121212121212122,8.5169,0.43775720164609055,0.7717717717717718,0.38045375218150085,0.49382716049382713,0.15680125441003528,0.3614663256606991,0.0,0.0
Chicago State,0.00375852125467414,0.125,-20.68,-4.52,2001,2518,-517,-16.15625,93.47359999999999,0.3815931108719053,0.7048192771084337,0.30566534914361,0.44402583423035524,0.16552034453943562,0.2782874617737003,0.0,0.0
Lehigh,0.0036776341738010503,0.367,-9.88,-6.31,2110,2143,-33,-1.1,62.342800000000004,0.450653983353151,0.683206106870229,0.3704866562009419,0.5208085612366231,0.14371675710524903,0.23231256599788808,0.0,0.0
North Carolina,0.0036604334118700687,0.647,16.99,10.9,2757,2550,207,6.088235294117647,185.191,0.47639902676399026,0.739803094233474,0.35732984293193715,0.5428223844282238,0.13356069144187,0.2657621707901037,0.0,0.0
South Dakota,0.003617639555681501,0.576,-5.33,-3.13,2812,2763,49,1.4848484848484849,16.6829,0.44961977186311786,0.7135135135135136,0.3205918618988903,0.5114068441064639,0.11209335219236209,0.3333333333333333,0.0,0.0
Akron,0.0035832127884045713,0.813,3.7,-4.5,2700,2370,330,10.3125,-16.650000000000002,0.47092743873137916,0.7485604606525912,0.3615702479338843,0.5550216242191254,0.14506483509976908,0.3074484944532488,0.0,0.0
Minnesota,0.0034760782381440475,0.469,8.63,10.29,2178,2231,-53,-1.65625,88.8027,0.4407530454042082,0.6637323943661971,0.3220338983050847,0.4986157253599114,0.14405142552624567,0.31088560885608857,0.0,0.0
Central Arkansas,0.0034581978363933483,0.273,-14.55,-3.68,2318,2578,-260,-7.878787878787879,53.544000000000004,0.4095238095238095,0.7186379928315412,0.29417879417879417,0.48045112781954885,0.15404829867246614,0.31186440677966104,0.0,0.0
Air Force,0.0034150718276102113,0.125,-7.64,4.08,1982,2357,-375,-11.71875,-31.1712,0.4207920792079208,0.6346153846153846,0.33077905491698595,0.5009282178217822,0.18820522628092562,0.24686192468619247,0.0,0.0
Arkansas State,0.0034124949266350043,0.706,5.3,-2.7,2692,2385,307,9.029411764705882,-14.31,0.42410303587856485,0.7301369863013699,0.32077393075356414,0.4965501379944802,0.12700300888671193,0.32877697841726616,0.0,0.0
UC Davis,0.003391577689466212,0.469,-5.77,-0.87,2175,2249,-74,-2.3125,5.0199,0.4131165919282511,0.7432835820895523,0.3248,0.4700112107623318,0.16941026050823077,0.30842005676442763,0.0,0.0
Incarnate Word,0.0033462925344985494,0.515,-6.35,-5.31,2407,2274,133,4.03030303030303,33.7185,0.46454640250260687,0.6810506566604128,0.376978417266187,0.5328467153284672,0.15239100302419356,0.34081104400345125,0.0,0.0
College of Charleston,0.003337020287999327,0.727,-0.21,-2.99,2549,2437,112,3.393939393939394,0.6279,0.454638124362895,0.7159590043923866,0.35294117647058826,0.5249745158002038,0.14282899921197795,0.25820016820857866,0.0,0.0
Charleston Southern,0.003327195985607998,0.313,-10.74,-2.07,2307,2503,-196,-6.125,22.2318,0.42533185840707965,0.6617283950617284,0.30378096479791394,0.48976769911504425,0.1667051667051667,0.3167649536647009,0.0,0.0
Northern Illinois,0.0033125340382793387,0.194,-16.37,-4.3,2199,2383,-184,-5.935483870967742,70.391,0.41020075963103636,0.7050359712230215,0.3344671201814059,0.4902333152468801,0.1453345560541054,0.224950884086444,0.0,0.0
Ball State,0.0032621577012322315,0.452,-7.67,-6.21,2336,2300,36,1.1612903225806452,47.6307,0.45459837019790456,0.7044585987261146,0.34477379095163807,0.5189173457508731,0.1496043521266073,0.2652134423251589,0.0,0.0
UNC Wilmington,0.0032616610080444808,0.794,2.43,-4.38,2699,2377,322,9.470588235294118,-10.6434,0.47155688622754494,0.748,0.33879781420765026,0.533433133732535,0.13747228381374724,0.3229483282674772,0.0,0.0
UC Santa Barbara,0.0032506553137585997,0.636,1.08,-3.41,2476,2271,205,6.212121212121212,-3.6828000000000003,0.4691425450573457,0.7639639639639639,0.38927738927738925,0.5603495357728018,0.16363050137030472,0.256294964028777,0.0,0.0
Cornell,0.003248501418001566,0.63,0.89,-3.76,2296,2087,209,7.7407407407407405,-3.3464,0.49758745476477684,0.75,0.3757725587144623,0.5892641737032569,0.14961292802108306,0.2616033755274262,0.0,0.0
Jacksonville,0.003231954798496483,0.594,-3.18,-3.22,2308,2273,35,1.09375,10.239600000000001,0.44,0.6804308797127468,0.3604294478527607,0.5010389610389611,0.16215715344699777,0.3473774720550301,0.0,0.0
Mercyhurst,0.0031354391033506335,0.484,-15.23,-9.27,2105,2167,-62,-2.0,141.1821,0.4315913094539049,0.8019047619047619,0.35081967213114756,0.4944216089254257,0.14764213309828117,0.2767962308598351,0.0,0.0
Old Dominion,0.0030684473879367584,0.429,-9.45,-4.0,2376,2502,-126,-3.6,37.8,0.39575471698113207,0.7174887892376681,0.287598944591029,0.44716981132075473,0.14212822808738043,0.37174721189591076,0.0,0.0
North Dakota,0.0030599596284718003,0.364,-7.0,-1.1,2550,2624,-74,-2.242424242424242,7.700000000000001,0.43450942484291927,0.7083946980854198,0.32611311672683513,0.5,0.13672359229389372,0.351004016064257,0.0,0.0
Northern Iowa,0.0030271250680378573,0.625,5.48,0.22,2355,2150,205,6.40625,1.2056,0.48934945308002303,0.6977124183006536,0.37012987012987014,0.5549798503166379,0.14344997182232697,0.2481132075471698,0.0,0.0
Texas State,0.0030133117281473335,0.5,-3.43,-3.59,2439,2346,93,2.90625,12.3137,0.463884430176565,0.7562408223201175,0.3667953667953668,0.5147137506688069,0.15341734201527146,0.3285472972972973,0.0,0.0
VMI,0.002974677099388261,0.441,-11.02,-4.66,2492,2487,5,0.14705882352941177,51.3532,0.4263050153531218,0.7612809315866085,0.3251072961373391,0.5038382804503583,0.1531370576666116,0.28728813559322036,0.0,0.0
Lamar,0.0029368894612782893,0.606,-2.08,-2.55,2306,2170,136,4.121212121212121,5.303999999999999,0.4269833249115715,0.6868327402135231,0.35222052067381315,0.4850934815563416,0.15648207086781243,0.34534064212999216,0.0,0.0
South Alabama,0.0029345966056970223,0.656,1.58,-4.05,2334,2066,268,8.375,-6.399,0.4435967302452316,0.7040650406504065,0.32577565632458233,0.5179836512261581,0.12361608257720803,0.2831858407079646,0.0,0.0
Denver,0.002933983501104761,0.344,-9.95,-2.57,2316,2483,-167,-5.21875,25.571499999999997,0.44931506849315067,0.74,0.34678624813153963,0.5128767123287671,0.1623897353648757,0.28600405679513186,0.0,0.0
Bradley,0.002910925292626154,0.765,6.36,0.08,2612,2339,273,8.029411764705882,0.5088,0.48392198207696363,0.7550335570469798,0.4009840098400984,0.569847127042699,0.15365077374139635,0.24167378309137488,0.0,0.0
Western Michigan,0.0028702048820662776,0.375,-9.32,-3.93,2306,2433,-127,-3.96875,36.6276,0.42649272453587556,0.672077922077922,0.28700906344410876,0.47415955845459107,0.1345545175150227,0.35016556291390727,0.0,0.0
Austin Peay,0.002842879486730816,0.424,-9.06,-3.35,2362,2472,-110,-3.3333333333333335,30.351000000000003,0.4222222222222222,0.7192982456140351,0.345679012345679,0.49292929292929294,0.12784424114473375,0.30046082949308756,0.0,0.0
Marshall,0.00282811463427324,0.606,-2.07,-4.32,2499,2366,133,4.03030303030303,8.9424,0.4406187624750499,0.6925329428989752,0.322180916976456,0.5054890219560878,0.1421913851376502,0.33252623083131555,0.0,0.0
Kentucky,0.0027961836378039245,0.688,22.47,13.9,2745,2471,274,8.5625,312.33299999999997,0.48507840161861404,0.7420749279538905,0.376357056694813,0.56398583712696,0.13263103490210384,0.26375404530744334,0.0,0.0
Oregon,0.0027903244104122973,0.75,17.78,12.03,2451,2267,184,5.75,213.8934,0.45642933049946866,0.7642405063291139,0.3434065934065934,0.5228480340063762,0.14183101053601793,0.2893356643356643,0.0,0.0
Purdue,0.002774968572549949,0.688,21.37,13.8,2502,2260,242,7.5625,294.906,0.4955506117908788,0.7287319422150883,0.3866279069767442,0.5695216907675195,0.13988510327422463,0.2901353965183752,0.0,0.0
Cal State Northridge,0.002761477854096735,0.688,2.8,-3.14,2580,2319,261,8.15625,-8.792,0.46808510638297873,0.7291960507757405,0.34846029173419774,0.5225430597771024,0.16171854372634728,0.32065217391304346,0.0,0.0
Stetson,0.0027283483436719345,0.25,-16.12,-4.12,2293,2608,-315,-9.84375,66.4144,0.4447513812154696,0.7352941176470589,0.3396501457725947,0.5091160220994475,0.1663806789935372,0.2556818181818182,0.0,0.0
Eastern Washington,0.0026849742237525244,0.313,-8.27,-1.54,2283,2415,-132,-4.125,12.7358,0.4564732142857143,0.7779783393501805,0.3253012048192771,0.5167410714285714,0.16456278008503092,0.2834890965732087,0.0,0.0
Louisiana State,0.002681196371612974,0.438,10.36,10.11,2363,2355,8,0.25,104.73959999999998,0.4445623342175066,0.7140522875816994,0.3048780487804878,0.5108753315649868,0.1628272088540695,0.2892199824715162,0.0,0.0
Holy Cross,0.0026692965256522273,0.406,-12.12,-6.95,2227,2307,-80,-2.5,84.234,0.45625692137320045,0.7211055276381909,0.38726790450928383,0.5370985603543743,0.1616506990757981,0.22936660268714013,0.0,0.0
NC State,0.0026266712460426777,0.387,6.01,6.82,2158,2183,-25,-0.8064516129032258,40.9882,0.42491657397107896,0.7258620689655172,0.32153846153846155,0.48303670745272526,0.1256281407035176,0.32056451612903225,0.0,0.0
South Dakota State,0.0026022182522324206,0.625,2.6,-1.37,2546,2352,194,6.0625,-3.5620000000000003,0.47134744450180693,0.7470489038785835,0.3501896333754741,0.5428497676819825,0.14938542988947026,0.2905982905982906,0.0,0.0
Quinnipiac,0.0025530311027343617,0.625,-5.19,-7.29,2366,2277,89,2.78125,37.835100000000004,0.42704626334519574,0.7585089141004863,0.2953929539295393,0.4824605998983223,0.15671619300201922,0.3063209076175041,0.0,0.0
Idaho State,0.0025515697134454495,0.5,-3.49,-3.56,2230,2099,131,4.366666666666666,12.4244,0.4306246545052515,0.7417763157894737,0.3245227606461087,0.4917081260364842,0.13388835129633955,0.36920384951881013,0.0,0.0
Indiana,0.0025369789467674215,0.594,14.72,12.1,2389,2305,84,2.625,178.112,0.4579390115667718,0.7058823529411765,0.3212025316455696,0.5113038906414301,0.145503890562249,0.2993138936535163,0.0,0.0
South Carolina Upstate,0.0025218116620555715,0.188,-15.37,-2.41,2393,2673,-280,-8.75,37.0417,0.4538897475528078,0.6749174917491749,0.30578512396694213,0.5110767645543535,0.1702597871188887,0.27532228360957645,0.0,0.0
Saint Louis,0.002501054872353421,0.594,4.67,2.5,2385,2248,137,4.28125,11.675,0.477771525042206,0.6877323420074349,0.35498320268757,0.5669667979741136,0.1688185180293224,0.21693121693121692,0.0,0.0
George Mason,0.0024964725964468646,0.774,7.09,0.62,2194,1955,239,7.709677419354839,4.3957999999999995,0.453551912568306,0.7068965517241379,0.3449419568822554,0.5166970248937462,0.17103520863749025,0.2727272727272727,0.0,0.0
FDU,0.0024958656401240136,0.394,-11.63,-7.73,2431,2415,16,0.48484848484848486,89.89990000000002,0.4362795477903392,0.7111801242236024,0.33577533577533575,0.5069373072970196,0.14791542448286932,0.28660714285714284,0.0,0.0
Iowa,0.002488320253108983,0.515,13.03,10.24,2722,2630,92,2.787878787878788,133.4272,0.48958837772397096,0.7052238805970149,0.38016528925619836,0.5675544794188861,0.12310201841575705,0.2708333333333333,0.0,0.0
Southern California,0.0024825969812805717,0.485,12.61,11.21,2537,2491,46,1.393939393939394,141.3581,0.48199892530897365,0.7463126843657817,0.3674418604651163,0.5456743686190221,0.15892058644812487,0.27783155856727976,0.0,0.0
Brown,0.002476651894585057,0.519,-4.76,-3.84,1950,1933,17,0.6296296296296297,18.278399999999998,0.4482331060136392,0.6316964285714286,0.3353566009104704,0.5167389956602604,0.14782592320584526,0.3023493360572012,0.0,0.0
North Carolina A&T,0.002474676712975999,0.219,-12.86,-3.9,2213,2439,-226,-7.0625,50.153999999999996,0.408363448631905,0.6864686468646864,0.3036723163841808,0.4638616417139907,0.1336667138431539,0.2970383275261324,0.0,0.0
Penn State,0.0024355705529601765,0.516,13.74,7.87,2452,2270,182,5.870967741935484,108.13380000000001,0.47879464285714285,0.7558823529411764,0.3425925925925926,0.5407366071428571,0.15513897866839044,0.2784688995215311,0.0,0.0
Grand Canyon,0.0024350005418589927,0.774,5.73,-3.17,2448,2133,315,10.161290322580646,-18.1641,0.4583333333333333,0.7268170426065163,0.31511254019292606,0.5120614035087719,0.16022423671490124,0.29991431019708653,0.0,0.0
Kansas State,0.0024102785055547214,0.485,11.38,10.16,2337,2297,40,1.2121212121212122,115.6208,0.44055584148224397,0.6908752327746741,0.32522407170294493,0.5059186824498199,0.15475433234559471,0.3032200357781753,0.0,0.0
Southeast Missouri State,0.00238986301701886,0.636,-4.57,-7.54,2442,2212,230,6.96969696969697,34.4578,0.4564336372847011,0.7223230490018149,0.3333333333333333,0.5177304964539007,0.13704816931678374,0.25434583714547115,0.0,0.0
Florida Gulf Coast,0.0023816619894620646,0.563,-1.92,-4.21,2321,2233,88,2.75,8.0832,0.47118463180362863,0.6898148148148148,0.35497237569060774,0.5397545357524013,0.14071138346766138,0.28,0.0,0.0
Lipscomb,0.0023495833022674386,0.735,5.17,-4.77,2697,2289,408,12.0,-24.660899999999998,0.4732862903225806,0.7944078947368421,0.358974358974359,0.5579637096774194,0.12579983847921974,0.2315270935960591,0.0,0.0
Queens (NC),0.0023447035175555137,0.576,-4.67,-4.44,2527,2445,82,2.484848484848485,20.7348,0.44568527918781725,0.6868537666174298,0.345372460496614,0.5233502538071066,0.15436932301221531,0.3092532467532468,0.0,0.0
San Francisco,0.002318966279665878,0.727,11.12,4.37,2505,2273,232,7.03030303030303,48.5944,0.456725755995829,0.7108433734939759,0.33774038461538464,0.5299791449426486,0.1506440803025179,0.2908777969018933,0.0,0.0
Southern Mississippi,0.002313739822695943,0.333,-9.81,-3.23,2352,2507,-155,-4.696969696969697,31.686300000000003,0.43091095189355166,0.691717791411043,0.30264993026499304,0.48643807574206754,0.1703148603418145,0.28142741281427414,0.0,0.0
Oral Roberts,0.0023060721283226808,0.233,-11.3,-0.38,2200,2356,-156,-5.2,4.2940000000000005,0.43591258121677495,0.752542372881356,0.36222509702457956,0.5186060248080331,0.15126488742067287,0.2680851063829787,0.0,0.0
Northern Colorado,0.0022812144374329403,0.735,1.73,-3.69,2750,2463,287,8.441176470588236,-6.3837,0.5107581967213115,0.7268518518518519,0.3764861294583884,0.5837602459016393,0.14257680750597904,0.23367697594501718,0.0,0.0
California Baptist,0.002264470976005734,0.548,-0.55,-2.1,2214,2166,48,1.5483870967741935,1.1550000000000002,0.4281098546042003,0.755877034358047,0.31546707503828486,0.48357565966612814,0.15080943832581306,0.3327386262265834,0.0,0.0
Harvard,0.0022356168602052527,0.444,-7.47,-3.51,1848,1945,-97,-3.5925925925925926,26.219699999999996,0.44321148825065276,0.7670157068062827,0.32242225859247137,0.5075065274151436,0.15924196866592816,0.26229508196721313,0.0,0.0
Mississippi Valley State,0.0022342169707758623,0.097,-34.18,-4.36,1678,2506,-828,-26.70967741935484,149.0248,0.38903061224489793,0.6597510373443983,0.2959830866807611,0.4336734693877551,0.219632805513178,0.27419354838709675,0.0,0.0
McNeese State,0.0022284615667095605,0.818,9.0,-2.23,2549,2113,436,13.212121212121213,-20.07,0.4792214623882167,0.7100149476831091,0.358974358974359,0.545502367175171,0.13987055117616637,0.32217573221757323,0.0,0.0
Rice,0.0021895032080002565,0.406,-1.73,-1.77,2249,2249,0,0.0,3.0621,0.42069741282339707,0.6813471502590673,0.32994186046511625,0.484533183352081,0.15112158673657544,0.3221586263286999,0.0,0.0
Longwood,0.0021835253766147003,0.563,-4.34,-4.75,2504,2371,133,4.15625,20.615,0.4628415300546448,0.7268351383874849,0.33225806451612905,0.5191256830601093,0.1541045753648426,0.3258325832583258,0.0,0.0
James Madison,0.002166205871058892,0.625,-1.55,-2.52,2365,2256,109,3.40625,3.906,0.4391675560298826,0.7539267015706806,0.3457831325301205,0.5157417289220918,0.13681834421384262,0.31523642732049034,0.0,0.0
Virginia Commonwealth,0.002160354131231291,0.806,15.32,1.09,2416,1944,472,15.225806451612904,16.698800000000002,0.4480903711672942,0.7442244224422442,0.33861834654586637,0.5285099515868746,0.14137758317041252,0.34815436241610737,0.0,0.0
Providence,0.0021287989415727736,0.375,7.63,8.79,2283,2320,-37,-1.15625,67.06769999999999,0.4402618657937807,0.6863468634686347,0.35611510791366907,0.5212765957446809,0.16421355024046996,0.30522765598650925,0.0,0.0
Texas-Rio Grande Valley,0.0021066438466623635,0.516,-6.04,-3.38,2378,2294,84,2.7096774193548385,20.4152,0.44376590330788807,0.7066974595842956,0.32898696088264795,0.5272264631043257,0.16209786512835664,0.3133047210300429,0.0,0.0
Elon,0.0020998957586771047,0.531,-3.56,-4.36,2355,2232,123,3.84375,15.521600000000001,0.44093178036605657,0.7463768115942029,0.3263707571801567,0.5102606766500277,0.1592432950191571,0.3202511773940345,0.0,0.0
High Point,0.0020788057913287807,0.853,5.49,-5.7,2795,2338,457,13.441176470588236,-31.293000000000003,0.49393326592517695,0.763265306122449,0.36363636363636365,0.5647118301314459,0.13331324847480605,0.30912025827280065,0.0,0.0
Montana,0.0020774498911640877,0.735,-1.0,-1.78,2614,2480,134,3.9411764705882355,1.78,0.5018706574024586,0.7356495468277946,0.3598265895953757,0.568412613575628,0.14678725318433636,0.22613531047265986,0.0,0.0
La Salle,0.002021127933584033,0.424,-2.95,1.71,2376,2465,-89,-2.696969696969697,-5.0445,0.41300097751710657,0.7261146496815286,0.3357664233576642,0.46920821114369504,0.13227117833442936,0.32210353327855384,0.0,0.0
Army,0.001997265345247365,0.516,-12.33,-7.12,2268,2327,-59,-1.903225806451613,87.78960000000001,0.44060701203558345,0.6853002070393375,0.3142857142857143,0.5068027210884354,0.13060282003832108,0.28835489833641403,0.0,0.0
Omaha,0.00199170770467337,0.647,-0.96,-2.74,2654,2551,103,3.0294117647058822,2.6304000000000003,0.4659262998485613,0.7241379310344828,0.36658031088082904,0.5373548712771328,0.13922155688622753,0.27791563275434245,0.0,0.0
Liberty,0.0019640961282184396,0.813,8.37,-1.42,2443,1992,451,14.09375,-11.885399999999999,0.49079754601226994,0.6628787878787878,0.383199079401611,0.5836586726157278,0.13864552676794312,0.19662921348314608,0.0,0.0
Lafayette,0.0019395784240250308,0.394,-9.77,-7.92,2261,2274,-13,-0.3939393939393939,77.3784,0.43635382955771307,0.6843971631205674,0.34130146082337315,0.5056634304207119,0.14690604506200897,0.2577132486388385,0.0,0.0
North Texas,0.001932810769737396,0.767,8.25,0.67,2046,1785,261,8.7,5.527500000000001,0.4554326610279766,0.773851590106007,0.3623693379790941,0.5230969420949902,0.14911578626419697,0.30368098159509205,0.0,0.0
North Carolina Central,0.0018833113617577133,0.438,-12.18,-7.9,2533,2413,120,3.75,96.22200000000001,0.45889003083247687,0.6934604904632152,0.35103244837758113,0.5200411099691675,0.15682135743377829,0.39815668202764976,0.0,0.0
Kansas City,0.0018805100903998288,0.394,-5.23,-2.6,2386,2218,168,5.090909090909091,13.598,0.42992623814541625,0.7619047619047619,0.3431952662721893,0.5063224446786091,0.1539086548227316,0.3356164383561644,0.0,0.0
Villanova,0.0018647017703138072,0.576,13.42,7.54,2421,2227,194,5.878787878787879,101.1868,0.4618760285244103,0.8003802281368821,0.3979848866498741,0.5485463521667581,0.13767398129648595,0.2755834829443447,0.0,0.0
Green Bay,0.0018614299128787936,0.125,-13.12,-2.44,2237,2570,-333,-10.40625,32.0128,0.4324009324009324,0.7841269841269841,0.3286802030456853,0.5078671328671329,0.16748809623256203,0.2056367432150313,0.0,0.0
Saint Francis (PA),0.0018591388520538584,0.485,-12.45,-6.98,2347,2363,-16,-0.48484848484848486,86.901,0.46113445378151263,0.7272727272727273,0.33875,0.5323004201680672,0.16847696820740507,0.2557932263814617,0.0,0.0
Kansas,0.0018280213328551573,0.636,20.8,13.86,2515,2286,229,6.9393939393939394,288.288,0.47125307125307125,0.7111111111111111,0.351506456241033,0.5314496314496314,0.14627861149007124,0.27358490566037735,0.0,0.0
Baylor,0.0018233784376741756,0.576,19.5,13.66,2523,2282,241,7.303030303030303,266.37,0.4481203007518797,0.7446808510638298,0.35131744040150564,0.5182957393483709,0.13818885048194787,0.35383319292333615,0.0,0.0
Campbell,0.001792147526190382,0.469,-5.08,-4.65,2246,2169,77,2.40625,23.622000000000003,0.43902439024390244,0.7714808043875686,0.3221476510067114,0.5055432372505543,0.14077523028306324,0.25984251968503935,0.0,0.0
Portland,0.0017819176176092017,0.375,-6.94,2.52,2334,2574,-240,-7.5,-17.4888,0.43678784590341835,0.7766323024054983,0.34517766497461927,0.5105805751492133,0.16273912280421846,0.24561403508771928,0.0,0.0
Belmont,0.0017738812142785863,0.667,2.14,0.08,2618,2529,89,2.696969696969697,0.17120000000000002,0.4648303000491884,0.7188679245283018,0.3834254143646409,0.5501721593703885,0.14067950856969513,0.2775831873905429,0.0,0.0
Arkansas,0.001771958197999213,0.606,16.75,11.29,2528,2348,180,5.454545454545454,189.1075,0.46618106139438087,0.7335285505124451,0.3328611898016997,0.527315296566077,0.1476498742099773,0.2609442060085837,0.0,0.0
Wright State,0.0017674321291013765,0.455,-4.81,-3.72,2551,2520,31,0.9393939393939394,17.8932,0.49377593360995853,0.7063339731285988,0.384297520661157,0.5661307053941909,0.1567483895177935,0.26953467954345917,0.0,0.0
Southeastern Louisiana,0.0017658907725994208,0.563,-3.99,-4.66,2324,2232,92,2.875,18.593400000000003,0.4444444444444444,0.7492211838006231,0.3293918918918919,0.4970334412081985,0.1486363708816169,0.3042720139494333,0.0,0.0
Fordham,0.0017626056717305973,0.364,-3.75,1.28,2452,2573,-121,-3.6666666666666665,-4.8,0.42330677290836655,0.718562874251497,0.3253588516746411,0.4910358565737052,0.15863036930904412,0.333889816360601,0.0,0.0
Delaware,0.0017484081570520648,0.444,-5.78,-3.81,2780,2803,-23,-0.6388888888888888,22.021800000000002,0.47477174435367614,0.782051282051282,0.37220259128386335,0.5506967803940414,0.15315146895986426,0.2319721980886186,0.0,0.0
Lindenwood,0.0017438988272954435,0.485,-12.9,-7.0,2348,2354,-6,-0.18181818181818182,90.3,0.42208774583963693,0.6798307475317349,0.2831858407079646,0.47049924357034795,0.1531387917164829,0.31587697423108896,0.0,0.0
Mississippi,0.0017418984187790604,0.688,17.86,12.08,2490,2305,185,5.78125,215.7488,0.4440414507772021,0.737300435413643,0.3462532299741602,0.5134715025906735,0.11282556531964595,0.2793979303857008,0.0,0.0
Cincinnati,0.0017406849251430734,0.545,14.7,9.88,2328,2169,159,4.818181818181818,145.23600000000002,0.44780635400907715,0.6681034482758621,0.3201058201058201,0.5088250126071608,0.13385290437041614,0.3260105448154657,0.0,0.0
Wofford,0.0016984909742568239,0.559,-0.17,-2.92,2561,2374,187,5.5,0.4964,0.45305514157973176,0.6612641815235009,0.34057971014492755,0.5347739692001987,0.14003493344576282,0.33843797856049007,0.0,0.0
Georgia Southern,0.0016937112501868052,0.515,-7.27,-5.21,2449,2505,-56,-1.696969696969697,37.8767,0.42995637421231214,0.6581818181818182,0.3432017543859649,0.5058167716917111,0.1615132775554747,0.3427876823338736,0.0,0.0
Southern Indiana,0.001686768015663716,0.333,-13.56,-8.1,2144,2204,-60,-2.0,109.836,0.4276940256839754,0.7306273062730627,0.35064935064935066,0.4879955332216639,0.1474492539319801,0.2930232558139535,0.0,0.0
Northwestern,0.001684448655918005,0.515,14.64,11.36,2390,2282,108,3.272727272727273,166.3104,0.4407995899538698,0.7332242225859247,0.3328335832083958,0.49769349051768325,0.12907832582665055,0.3240574506283663,0.0,0.0
East Tennessee State,0.0016830221447475388,0.594,-0.85,-4.98,2301,2128,173,5.40625,4.2330000000000005,0.43351063829787234,0.6611570247933884,0.3478818998716303,0.5055851063829787,0.13917856569870046,0.3406408094435076,0.0,0.0
Stonehill,0.0016390679044106977,0.469,-12.75,-9.18,2198,2242,-44,-1.375,117.045,0.4342105263157895,0.7240143369175627,0.3552123552123552,0.5131578947368421,0.16292115959555242,0.27169811320754716,0.0,0.0
Ohio State,0.0016278099309656527,0.531,18.02,12.74,2522,2353,169,5.28125,229.5748,0.46602972399150744,0.7481481481481481,0.3676056338028169,0.5352972399150743,0.13794466403162056,0.28319405756731664,0.0,0.0
Colgate,0.0016021785849118287,0.424,-7.32,-6.01,2379,2388,-9,-0.2727272727272727,43.9932,0.4681075382182393,0.7297921478060047,0.3560794044665012,0.5437532946758039,0.15124902419984387,0.23992502343017807,0.0,0.0
Toledo,0.0015909001342538477,0.563,-5.84,-2.81,2513,2545,-32,-1.0,16.4104,0.463265306122449,0.7452415812591509,0.3375224416517056,0.5112244897959184,0.1181968543253027,0.3166058394160584,0.0,0.0
UT Arlington,0.0015886652451326975,0.419,-5.13,-2.41,2302,2320,-18,-0.5806451612903226,12.3633,0.4456218627997769,0.6610942249240122,0.3544137022397892,0.5206358059118795,0.16716522963223648,0.31890459363957596,0.0,0.0
Florida Atlantic,0.0015669003893901716,0.563,4.48,2.16,2522,2400,122,3.8125,9.676800000000002,0.4656330749354005,0.6971608832807571,0.354140127388535,0.537467700258398,0.1441846800878251,0.2952622673434856,0.0,0.0
Merrimack,0.001553246804184862,0.563,-4.09,-5.59,2111,2063,48,1.5,22.8631,0.4247787610619469,0.7194570135746606,0.33204134366925064,0.4958517699115044,0.1284015530059021,0.2533039647577093,0.0,0.0
Florida International,0.0015240672391734203,0.303,-6.28,-1.22,2285,2380,-95,-2.878787878787879,7.6616,0.4249482401656315,0.7068452380952381,0.28717948717948716,0.4684265010351967,0.16836650887750684,0.3261432269197584,0.0,0.0
Eastern Kentucky,0.001520013465005046,0.563,-3.26,-3.86,2491,2408,83,2.59375,12.583599999999999,0.42431523306102836,0.7495527728085868,0.34615384615384615,0.49783757808745793,0.11922966282608366,0.3643279797125951,0.0,0.0
Hampton,0.0015122531619263123,0.515,-4.79,-3.59,2391,2309,82,2.484848484848485,17.196099999999998,0.42587064676616915,0.7119205298013245,0.3333333333333333,0.4873134328358209,0.1352706933762957,0.3637123745819398,0.0,0.0
Portland State,0.0014979341269721242,0.594,-3.92,-4.78,2418,2227,191,5.96875,18.7376,0.4725672877846791,0.6296296296296297,0.32682926829268294,0.5245859213250518,0.15580497963433682,0.3282442748091603,0.0,0.0
Northern Kentucky,0.0014762790011194939,0.515,-4.68,-3.03,2371,2377,-6,-0.18181818181818182,14.180399999999999,0.43782117163412126,0.6693944353518821,0.33419689119170987,0.5041109969167523,0.15200012251899042,0.33693693693693694,0.0,0.0
Charlotte,0.001467354466454771,0.333,-4.99,-0.17,2328,2460,-132,-4.0,0.8483,0.4209070796460177,0.7486979166666666,0.3100671140939597,0.48478982300884954,0.1329335897725987,0.2808880308880309,0.0,0.0
UAB,0.0013697919370486218,0.645,3.82,-1.31,2574,2375,199,6.419354838709677,-5.0042,0.46414538310412573,0.7587301587301587,0.34448160535117056,0.5147347740667977,0.11817627325404087,0.36807817589576547,0.0,0.0
Temple,0.001369107460972802,0.531,0.22,0.09,2520,2487,33,1.03125,0.019799999999999998,0.448,0.7358490566037735,0.36180904522613067,0.5056,0.1350457077780172,0.30815450643776826,0.0,0.0
Wake Forest,0.001320920093192881,0.656,9.95,7.79,2246,2177,69,2.15625,77.5105,0.44332210998877664,0.7562111801242236,0.28503184713375795,0.4935465768799102,0.1491332146859139,0.26767200754005654,0.0,0.0
New Mexico State,0.0013109885877243769,0.531,1.3,0.85,2229,2110,119,3.71875,1.105,0.41530343007915566,0.674565560821485,0.3211267605633803,0.47546174142480213,0.13801199276626797,0.31636060100166946,0.0,0.0
Middle Tennessee,0.0012363799383226465,0.688,3.16,1.29,2437,2287,150,4.6875,4.0764000000000005,0.45212493599590375,0.6739469578783152,0.3136482939632546,0.5133128520225294,0.14071294559099437,0.3021933387489846,0.0,0.0
American,0.0011930971461539517,0.647,-6.87,-6.41,2334,2287,47,1.3823529411764706,44.0367,0.44281045751633985,0.7562724014336918,0.3470873786407767,0.5206971677559913,0.15299977212799895,0.2541222114451988,0.0,0.0
Wyoming,0.0011927742627826307,0.375,-0.17,4.7,2149,2277,-128,-4.0,-0.799,0.438132733408324,0.651685393258427,0.34225352112676055,0.5064679415073116,0.16989970968593296,0.30251346499102333,0.0,0.0
Maine,0.0011806606428801745,0.606,-5.65,-8.17,2350,2169,181,5.484848484848484,46.1605,0.4652777777777778,0.735632183908046,0.3572567783094099,0.5251068376068376,0.13924838635693457,0.24577114427860697,0.0,0.0
California,0.0011537974935272816,0.424,5.96,7.17,2494,2534,-40,-1.2121212121212122,42.7332,0.41858141858141856,0.7455012853470437,0.3148148148148148,0.47802197802197804,0.14043089919774723,0.3578352180936995,0.0,0.0
UNC Greensboro,0.0010746585141862197,0.625,-0.78,-3.92,2332,2092,240,7.5,3.0576,0.44216216216216214,0.7349177330895795,0.3721518987341772,0.5216216216216216,0.13130121162763642,0.2981260647359455,0.0,0.0
Tennessee Tech,0.0010739499488388686,0.469,-10.76,-7.49,2308,2371,-63,-1.96875,80.5924,0.43223052294557096,0.6979742173112339,0.35193621867881547,0.5146744930629669,0.14970300854755886,0.24954954954954955,0.0,0.0
Purdue Fort Wayne,0.0010651700292612879,0.594,-0.93,-4.0,2583,2388,195,6.09375,3.72,0.46956521739130436,0.75,0.3707865168539326,0.5539641943734015,0.12212448715697387,0.25077399380804954,0.0,0.0
Yale,0.0010453214396228465,0.741,7.19,-3.73,2219,1881,338,12.518518518518519,-26.8187,0.4912703190848886,0.7346153846153847,0.38533834586466165,0.5529801324503312,0.12783828687465384,0.29056603773584905,0.0,0.0
Missouri State,0.0010395590465959923,0.281,-3.76,0.71,2175,2268,-93,-2.90625,-2.6695999999999995,0.44726224783861673,0.6561461794019934,0.3568075117370892,0.5129682997118156,0.1793276648829651,0.3193116634799235,0.0,0.0
Youngstown State,0.0010369018342262298,0.618,-3.78,-4.91,2599,2446,153,4.5,18.5598,0.4358974358974359,0.7327823691460055,0.32012847965738755,0.5096153846153846,0.15053701184031495,0.30434782608695654,0.0,0.0
Georgetown,0.0010225082579718625,0.531,8.77,5.93,2293,2202,91,2.84375,52.006099999999996,0.4449636552440291,0.7056451612903226,0.31805555555555554,0.5044132917964693,0.14851642416926109,0.3164444444444444,0.0,0.0
Nicholls State,0.0010149873327540758,0.606,-2.08,-2.41,2443,2296,147,4.454545454545454,5.0128,0.42814814814814817,0.6851574212893553,0.345679012345679,0.49037037037037035,0.131486281972519,0.31756214915797915,0.0,0.0
Niagara,0.001013367976798578,0.355,-12.43,-8.19,2122,2214,-92,-2.967741935483871,101.8017,0.45027124773960214,0.7392156862745098,0.3530239099859353,0.525919228450874,0.16788901652381372,0.24449108079748164,0.0,0.0
Pepperdine,0.0009920668294474085,0.371,-2.44,2.94,2560,2681,-121,-3.4571428571428573,-7.1735999999999995,0.44375,0.7155963302752294,0.3407202216066482,0.5028846153846154,0.14017198303410608,0.28629690048939643,0.0,0.0
Jacksonville State,0.0009855800461836368,0.656,1.57,-0.22,2374,2187,187,5.84375,-0.34540000000000004,0.44609665427509293,0.7696245733788396,0.34714285714285714,0.5106213489113117,0.13144869443858423,0.28236245954692557,0.0,0.0
Idaho,0.000984272000277323,0.424,-7.47,-2.95,2430,2493,-63,-1.9090909090909092,22.0365,0.4398717263495457,0.750788643533123,0.3480225988700565,0.5221806520577231,0.1535457251295296,0.302785265049416,0.0,0.0
Oregon State,0.0009559654320024553,0.625,8.93,2.32,2441,2200,241,7.53125,20.717599999999997,0.4836676217765043,0.7859281437125748,0.36774193548387096,0.548997134670487,0.1465097198734156,0.2825070159027128,0.0,0.0
Western Carolina,0.0009527907710740666,0.267,-15.64,-2.15,2090,2371,-281,-9.366666666666667,33.626,0.3938730853391685,0.7455621301775148,0.30493273542600896,0.4682713347921225,0.1699661686388138,0.2690972222222222,0.0,0.0
UC Riverside,0.0009450362868550847,0.636,-0.13,0.51,2480,2449,31,0.9393939393939394,-0.0663,0.4270428015564202,0.7544169611307421,0.3375,0.4992704280155642,0.13702527854318916,0.3333333333333333,0.0,0.0
West Georgia,0.000941897531458835,0.194,-14.99,-3.92,2140,2426,-286,-9.225806451612904,58.7608,0.43452380952380953,0.6931818181818182,0.3016157989228007,0.479978354978355,0.14436602339469917,0.2903543307086614,0.0,0.0
Texas,0.0009416140249102934,0.576,16.38,9.65,2595,2373,222,6.7272727272727275,158.067,0.4616956077630235,0.7454545454545455,0.3620689655172414,0.526046986721144,0.12578858285890138,0.281986531986532,0.0,0.0
Fresno State,0.0009298715890339072,0.188,-5.1,4.9,2262,2582,-320,-10.0,-24.99,0.4058121432278153,0.6918687589158345,0.31323529411764706,0.46107939802802284,0.15562203487142295,0.3036837376460018,0.0,0.0
Butler,0.0009283428467663136,0.424,10.38,10.35,2437,2436,1,0.030303030303030304,107.433,0.45554335894621295,0.7422680412371134,0.36644295302013424,0.5304610318331504,0.14683638002059732,0.24502164502164503,0.0,0.0
Hawaii,0.0009191152291956673,0.484,-3.02,-0.47,2173,2208,-35,-1.1290322580645162,1.4194,0.44933655006031364,0.7384615384615385,0.32018927444794953,0.5105548854041013,0.17696867061812024,0.27923844061650044,0.0,0.0
Central Michigan,0.0009091654192927989,0.452,-4.27,-2.56,2341,2237,104,3.3548387096774195,10.931199999999999,0.46209186496956284,0.7221374045801526,0.32459016393442625,0.5168788046485888,0.1535229476405947,0.2955357142857143,0.0,0.0
Presbyterian,0.000905841998410776,0.438,-6.4,-4.26,2379,2263,116,3.625,27.264,0.46817691477885653,0.6943972835314092,0.36850393700787404,0.5312837108953614,0.13859674868333088,0.3002780352177943,0.0,0.0
Massachusetts,0.0009020026587889297,0.375,-2.35,0.88,2333,2399,-66,-2.0625,-2.068,0.4096444227959084,0.6638176638176638,0.2811550151975684,0.45470043838285434,0.13701733360615007,0.35933806146572106,0.0,0.0
Nevada,0.0008981066229520211,0.515,9.84,5.66,2386,2248,138,4.181818181818182,55.6944,0.4733893557422969,0.7027027027027027,0.34080717488789236,0.5372549019607843,0.13882902894274443,0.26704014939309056,0.0,0.0
Tulsa,0.0008959501367628749,0.406,-5.5,-1.93,2293,2353,-60,-1.875,10.615,0.4362272240085745,0.6591276252019386,0.3236040609137056,0.5045551982851019,0.14443697586582163,0.2719374456993918,0.0,0.0
Duquesne,0.0008581197383640319,0.406,1.94,1.65,2212,2155,57,1.78125,3.2009999999999996,0.4325353645266594,0.6507352941176471,0.34096692111959287,0.5054406964091404,0.15703874433930107,0.34280476626947753,0.0,0.0
Indiana State,0.0008513682567432162,0.438,-3.01,-0.51,2563,2545,18,0.5625,1.5351,0.46549893842887474,0.74884437596302,0.3469387755102041,0.5512208067940552,0.17115175965402896,0.2581211589113257,0.0,0.0
Mercer,0.0008349555186040179,0.424,-8.28,-4.96,2511,2485,26,0.7878787878787878,41.068799999999996,0.4349266445811642,0.6546644844517185,0.3215547703180212,0.4995267392333176,0.14317370783930009,0.29760986892829605,0.0,0.0
South Carolina,0.0008200404790372488,0.375,10.31,11.97,2233,2286,-53,-1.65625,123.4107,0.4270893371757925,0.715046604527297,0.31610044313146235,0.48876080691642654,0.1608814352574103,0.29363636363636364,0.0,0.0
Weber State,0.0008164405566034392,0.353,-9.17,-2.69,2443,2443,0,0.0,24.6673,0.4550709406200736,0.7029096477794793,0.3466299862448418,0.5212821860220704,0.14551441099823664,0.2535087719298246,0.0,0.0
Utah,0.0008160406773784487,0.5,12.06,8.96,2409,2310,99,3.09375,108.05760000000001,0.4456751054852321,0.6390870185449358,0.32611311672683513,0.5171413502109705,0.1539087447801523,0.3207843137254902,0.0,0.0
Sam Houston,0.0008066330355355278,0.406,-2.47,1.7,2411,2433,-22,-0.6875,-4.199,0.445822102425876,0.7254901960784313,0.38764044943820225,0.5202156334231806,0.15871647359428148,0.30558015943312666,0.0,0.0
Rhode Island,0.0008015089687984747,0.581,1.7,-0.27,2419,2328,91,2.935483870967742,-0.459,0.46464646464646464,0.69433465085639,0.35066864784546803,0.5308641975308642,0.15931917869175513,0.2681034482758621,0.0,0.0
Seattle,0.000796264348522273,0.452,0.61,-1.02,2199,2057,142,4.580645161290323,-0.6222,0.41628440366972475,0.716,0.32457496136012365,0.4764908256880734,0.1457990115321252,0.315004659832246,0.0,0.0
Northern Arizona,0.0007848925447275633,0.545,-5.91,-5.32,2503,2350,153,4.636363636363637,31.441200000000002,0.4547701433514582,0.6605351170568562,0.3503267973856209,0.5210084033613446,0.12814058853141733,0.31430868167202575,0.0,0.0
Drexel,0.0007292681388234459,0.545,-3.26,-5.23,2322,2207,115,3.484848484848485,17.0498,0.458377239199157,0.6993603411513859,0.3597733711048159,0.5252897787144363,0.16039196284651844,0.29983525535420097,0.0,0.0
Kennesaw State,0.0007248524394151475,0.594,0.73,1.0,2447,2336,111,3.46875,0.73,0.4279093717816684,0.7158931082981715,0.30837988826815643,0.49897013388259526,0.16420543842481392,0.3132716049382716,0.0,0.0
UTSA,0.0007230806599966384,0.387,-2.21,0.86,2378,2382,-4,-0.12903225806451613,-1.9005999999999998,0.4230171073094868,0.7920433996383364,0.36107854630715125,0.5028512182477968,0.13498877084561106,0.33100697906281157,0.0,0.0
East Carolina,0.000678669195528829,0.594,0.05,-0.65,2425,2340,85,2.65625,-0.0325,0.4361210877373012,0.7184873949579832,0.31268436578171094,0.4905079527963058,0.13393745503528295,0.3492063492063492,0.0,0.0
Wichita State,0.0006785192122489221,0.594,2.67,1.73,2357,2313,44,1.375,4.6190999999999995,0.4475195822454308,0.7252252252252253,0.300187617260788,0.48929503916449085,0.1421889325729204,0.3016129032258065,0.0,0.0
Boston College,0.0006667482963575479,0.387,0.23,5.62,2182,2349,-167,-5.387096774193548,1.2926,0.432357813362783,0.7192982456140351,0.34505862646566166,0.4892324682495859,0.15145279446868054,0.29859154929577464,0.0,0.0
Loyola (IL),0.0005536884386930323,0.677,3.46,-0.14,2299,2139,160,5.161290322580645,-0.48440000000000005,0.46414455110107283,0.6643598615916955,0.35894039735099337,0.5406549971767363,0.15868268447900571,0.2798165137614679,0.0,0.0
Appalachian State,0.0005427698538840595,0.548,-2.39,-3.63,2102,1970,132,4.258064516129032,8.6757,0.43617021276595747,0.6509274873524452,0.34433285509325684,0.5070921985815603,0.14642120353858526,0.26550218340611353,0.0,0.0
Dartmouth,0.0005420575042784048,0.519,-3.96,-5.32,2095,1926,169,6.2592592592592595,21.0672,0.4391727493917275,0.7435387673956262,0.3564993564993565,0.523418491484185,0.14368871423849575,0.23346303501945526,0.0,0.0
Virginia,0.0004924291139876867,0.469,6.18,8.18,2073,2137,-64,-2.0,50.5524,0.446256038647343,0.7528604118993135,0.3751763046544429,0.5265700483091788,0.14876017832799088,0.2305229455709712,0.0,0.0
Hofstra,0.0004347572915459465,0.455,-4.61,-3.51,2202,2141,61,1.8484848484848484,16.1811,0.42665233745298226,0.7148846960167715,0.3403990024937656,0.5,0.15193211787639033,0.24722932651321397,0.0,0.0
Georgia Tech,0.0003921956300886924,0.515,7.41,6.47,2421,2390,31,0.9393939393939394,47.9427,0.44175491679273826,0.686084142394822,0.3412256267409471,0.5035300050428644,0.15162232121358055,0.29383116883116883,0.0,0.0
Bowling Green State,0.0003743219045466724,0.438,-9.28,-5.85,2352,2366,-14,-0.4375,54.28799999999999,0.4388799138395261,0.7460063897763578,0.3422818791946309,0.5075390414647281,0.15528196352458368,0.27,0.0,0.0
Coastal Carolina,0.00036466991787319577,0.313,-11.93,-5.73,2136,2275,-139,-4.34375,68.3589,0.42824074074074076,0.702020202020202,0.3468795355587808,0.4973958333333333,0.16108899534444368,0.2741246797608881,0.0,0.0
TCU,0.00035264705013579123,0.5,10.95,12.1,2162,2199,-37,-1.15625,132.49499999999998,0.416,0.6470588235294118,0.3,0.468,0.14739911877516085,0.34560143626570916,0.0,0.0
Houston Christian,0.0003504732426247877,0.375,-8.07,-2.87,2111,2220,-109,-3.40625,23.1609,0.4232743867655448,0.6873857404021938,0.32639791937581275,0.49486594409583573,0.15796053520746045,0.296,0.0,0.0
Florida State,0.0003271765230167905,0.531,8.85,6.85,2383,2319,64,2.0,60.622499999999995,0.45375408052230687,0.7168508287292817,0.3166397415185784,0.5070729053318824,0.1541442444970897,0.2944896115627823,0.0,0.0
Stanford,0.00031639617817748165,0.606,9.25,6.82,2409,2329,80,2.4242424242424243,63.085,0.4337287261474987,0.7878260869565218,0.3412204234122042,0.5043837029396596,0.1373475009838646,0.3163992869875223,0.0,0.0
San Diego State,0.0003034761303070802,0.7,13.88,8.16,2126,1909,217,7.233333333333333,113.2608,0.44380069524913096,0.6660516605166051,0.3347826086956522,0.5107184241019699,0.14345012818947625,0.2871939736346516,0.0,0.0
UC Irvine,0.0002746928065964169,0.844,8.22,-1.29,2423,2098,325,10.15625,-10.603800000000001,0.45499451152579584,0.801762114537445,0.3504,0.5150933040614709,0.16161919514431133,0.2416326530612245,0.0,0.0
St. Bonaventure,0.0002517218990843249,0.688,4.44,0.25,2219,2067,152,4.75,1.11,0.45005549389567145,0.7343173431734318,0.31587301587301586,0.5052719200887902,0.13957528631909188,0.27685185185185185,0.0,0.0
Arizona State,0.0002463272795730912,0.406,11.29,13.82,2366,2447,-81,-2.53125,156.02779999999998,0.43790849673202614,0.723823975720789,0.3575063613231552,0.5144335511982571,0.1566863417110942,0.25800548947849955,0.0,0.0
Richmond,0.00022731826935465605,0.313,-4.76,2.18,2137,2302,-165,-5.15625,-10.376800000000001,0.4177650429799427,0.7915129151291513,0.3136762860727729,0.48939828080229225,0.1415290329282227,0.20883534136546184,0.0,0.0
Dayton,0.00020423882569636082,0.71,9.6,4.66,2338,2169,169,5.451612903225806,44.736,0.4599767981438515,0.7473997028231798,0.35673352435530087,0.5321925754060325,0.1389528242374644,0.28733459357277885,0.0,0.0
Nevada-Las Vegas,0.00019928303586257378,0.545,7.18,6.06,2285,2248,37,1.121212121212121,43.510799999999996,0.4397590361445783,0.7171253822629969,0.3328050713153724,0.49726177437020813,0.1427551748750892,0.2734584450402145,0.0,0.0
West Virginia,0.00019733047540589934,0.594,15.41,12.07,2181,2074,107,3.34375,185.9987,0.4245385450597177,0.7203389830508474,0.32626619552414604,0.499728555917481,0.14371177433909296,0.2706766917293233,0.0,0.0
Grambling,0.00019120353383473686,0.364,-12.27,-7.3,2209,2237,-28,-0.8484848484848485,89.571,0.4314159292035398,0.7225913621262459,0.34185303514376997,0.4905973451327434,0.1691464118514718,0.26330027051397653,0.0,0.0
Nebraska,0.0001841130771460956,0.548,13.09,10.58,2337,2259,78,2.5161290322580645,138.4922,0.45272525027808674,0.7480680061823802,0.3246753246753247,0.5152947719688543,0.14457752148126243,0.26170798898071623,0.0,0.0
Evansville,0.0001640062239925321,0.344,-5.9,0.45,2113,2263,-150,-4.6875,-2.6550000000000002,0.4326321773735077,0.697196261682243,0.3031988873435327,0.49459920409323477,0.15897781900986757,0.23244781783681215,0.0,0.0
DePaul,0.00015372311617252202,0.424,6.07,7.49,2402,2449,-47,-1.4242424242424243,45.4643,0.446521287642783,0.7064393939393939,0.3460246360582307,0.5267393561786086,0.15865467076232204,0.26842105263157895,0.0,0.0
Pennsylvania,0.00015048205230711568,0.296,-10.14,-2.32,1878,2089,-211,-7.814814814814815,23.5248,0.4220532319391635,0.6973684210526315,0.32571428571428573,0.49429657794676807,0.1443251356656275,0.2815533980582524,0.0,0.0
San Jose State,0.00014786174212572518,0.441,0.95,4.52,2455,2495,-40,-1.1764705882352942,4.294,0.4456967213114754,0.7398648648648649,0.34538653366583544,0.5166495901639344,0.15116172002087105,0.2786885245901639,0.0,0.0
Pittsburgh,0.00014278508094143355,0.531,13.68,8.65,2428,2267,161,5.03125,118.33200000000001,0.4505672609400324,0.7819905213270142,0.34595300261096606,0.52215018908698,0.13028278306895594,0.2940074906367041,0.0,0.0
Loyola Marymount,0.00013698392926895524,0.531,1.59,3.34,2279,2290,-11,-0.34375,5.3106,0.43950749464668093,0.7236842105263158,0.3337748344370861,0.5069593147751607,0.13675115396619414,0.2350187265917603,0.0,0.0
Valparaiso,0.00013316003704521082,0.441,-2.75,0.04,2539,2513,26,0.7647058823529411,-0.11,0.42710371819960863,0.789865871833085,0.33588761174968074,0.4914383561643836,0.12395889508059202,0.2901023890784983,0.0,0.0
Tulane,0.0001306921504777016,0.581,1.48,-1.48,2313,2150,163,5.258064516129032,-2.1904,0.45413363533408835,0.7617504051863857,0.34045584045584043,0.5218006795016987,0.1422870325155337,0.2662337662337662,0.0,0.0
Illinois State,0.00012856977277622662,0.576,1.95,-0.02,2492,2374,118,3.5757575757575757,-0.039,0.4779050736497545,0.7481751824817519,0.37542662116040953,0.5679214402618658,0.14225927580103553,0.24131455399061033,0.0,0.0
Bucknell,0.00012807433844328324,0.545,-4.95,-5.83,2443,2414,29,0.8787878787878788,28.858500000000003,0.46594594594594596,0.6642120765832106,0.3530961791831357,0.5383783783783784,0.16771504709965293,0.25156669650850494,0.0,0.0
South Florida,0.00012742498365126274,0.406,-1.75,0.21,2381,2385,-4,-0.125,-0.3675,0.44339125855713535,0.7201834862385321,0.3178621659634318,0.5028962611901,0.1396670023920433,0.2971996386630533,0.0,0.0
Louisiana Tech,0.0001178836647519253,0.625,1.9,-0.27,2364,2188,176,5.5,-0.513,0.46629213483146065,0.75,0.33972602739726027,0.5359550561797752,0.16411378555798686,0.26329331046312177,0.0,0.0
Saint Joseph's,0.00011701969904997822,0.656,8.3,0.99,2425,2191,234,7.3125,8.217,0.4489031567683253,0.7441860465116279,0.3460648148148148,0.528892455858748,0.14606543731591753,0.2789115646258503,0.0,0.0
Notre Dame,0.00010210200358204259,0.455,7.51,7.36,2397,2392,5,0.15151515151515152,55.2736,0.4505029115934357,0.74,0.3545197740112994,0.5169401799894124,0.14529575228265185,0.28411053540587217,0.0,0.0
Southern Illinois,9.8126171358481e-05,0.424,-2.09,1.2,2405,2458,-53,-1.606060606060606,-2.5079999999999996,0.46149789029535865,0.6755070202808112,0.3512658227848101,0.520042194092827,0.15907090237988603,0.28815004262574595,0.0,0.0
Ohio,9.532913938723825e-05,0.5,-2.42,-4.16,2554,2449,105,3.28125,10.0672,0.46945169712793733,0.7610759493670886,0.3576072821846554,0.5412532637075718,0.13694964345868685,0.2457627118644068,0.0,0.0
Western Kentucky,9.03896779933167e-05,0.531,-0.12,1.39,2395,2392,3,0.09375,-0.16679999999999998,0.42213319979969954,0.7244732576985413,0.328732747804266,0.4877315973960941,0.13432653559653193,0.25,0.0,0.0
Montana State,8.898979860518368e-05,0.455,-2.28,-2.22,2354,2298,56,1.696969696969697,5.0616,0.455288985823337,0.7250437828371279,0.34047919293820933,0.5288985823336968,0.13591685866304223,0.22265246853823814,0.0,0.0
Murray State,7.938350734438034e-05,0.485,0.94,0.53,2371,2282,89,2.696969696969697,0.4982,0.4328030718595721,0.7217043941411452,0.34383561643835614,0.5016456390565003,0.14864950344740338,0.2952720785013381,0.0,0.0
UTEP,7.8520496967433e-05,0.545,-0.18,0.79,2392,2335,57,1.7272727272727273,-0.1422,0.4390633315593401,0.7146932952924394,0.35131195335276966,0.5031931878658861,0.15164207815578412,0.28668610301263364,0.0,0.0
William & Mary,7.123391706612459e-05,0.531,-5.85,-3.85,2487,2445,42,1.3125,22.5225,0.45317545748116256,0.7229102167182663,0.35,0.5435952637244349,0.15965542671541325,0.27041742286751363,0.0,0.0
Davidson,6.253565198154914e-05,0.515,1.63,1.07,2393,2334,59,1.7878787878787878,1.7441,0.45425700687466947,0.7463503649635036,0.3384223918575064,0.5245901639344263,0.12978956132760844,0.24383561643835616,0.0,0.0
Illinois-Chicago,6.043849416495686e-05,0.548,-0.43,0.78,2357,2286,71,2.2903225806451615,-0.33540000000000003,0.4548440065681445,0.7189014539579968,0.34916201117318435,0.5232621784345922,0.15155434132462536,0.2931188561215371,0.0,0.0
