Rank,School,Games,Wins,Losses,Win_Pct,SRS,SOS,Conf_W,Wins,Losses,Column_11,Wins,Losses,Home_L,Wins,Losses,Column_17,Points_For,Points_Against,Points_Dummy,Minutes_Played,FG,FGA,FG_Pct,3P,3PA,3P_Pct,FT,FTA,FT_Pct,ORB,TRB,AST,STL,BLK,TOV,PF,Season,NCAA_Tournament
1,Air Force,28,8,20,0.286,-5.07,2.58,,4,10,,6,8,,2,10,,1889,2046,,1140,654,1673,0.391,184,590,0.312,397,610,0.651,412.0,1009,336,243,53,408.0,587.0,2000,False
2,Akron,28,17,11,0.607,3.44,1.32,,11,7,,11,3,,6,8,,2126,2009,,,705,1574,0.448,131,406,0.323,585,767,0.763,316.0,981,431,226,89,389.0,505.0,2000,False
3,Alabama,29,13,16,0.448,7.44,7.62,,6,10,,11,3,,0,10,,2094,2099,,,715,1665,0.429,186,540,0.344,478,673,0.71,412.0,1212,312,184,120,,,2000,False
4,Alabama A&M,28,18,10,0.643,-12.27,-12.07,,14,4,,11,2,,6,8,,2126,1984,,1125,764,1929,0.396,168,550,0.305,430,661,0.651,530.0,1196,386,366,99,510.0,548.0,2000,False
5,Alabama State,28,13,15,0.464,-16.56,-12.35,,10,8,,8,6,,5,7,,1867,1932,,1125,648,1551,0.418,144,446,0.323,429,672,0.638,367.0,1045,341,238,83,530.0,473.0,2000,False
6,Albany (NY),28,11,17,0.393,-15.51,-9.59,,,,,7,4,,4,12,,1828,1920,,1125,663,1545,0.429,236,649,0.364,266,385,0.691,249.0,859,402,234,111,468.0,493.0,2000,False
7,Alcorn State,29,19,10,0.655,-9.89,-11.6,,15,3,,11,0,,6,9,,2161,2037,,,767,1727,0.444,135,455,0.297,458,654,0.7,460.0,1177,410,300,71,549.0,555.0,2000,False
8,American,29,11,18,0.379,-6.13,-3.42,,5,11,,9,4,,1,13,,1904,1962,,1185,714,1778,0.402,118,411,0.287,358,566,0.633,419.0,1103,376,274,118,476.0,561.0,2000,False
9,Appalachian State NCAA,32,23,9,0.719,2.49,-3.75,,13,3,,11,0,,9,7,,2530,2228,,1285,915,1882,0.486,200,515,0.388,500,705,0.709,374.0,1151,534,325,127,506.0,627.0,2000,True
10,Arizona NCAA,34,27,7,0.794,18.96,9.7,,15,3,,16,1,,7,4,,2599,2284,,1365,904,1976,0.457,155,482,0.322,636,871,0.73,412.0,1306,537,255,192,510.0,496.0,2000,True
11,Arizona State,32,19,13,0.594,12.11,8.75,,10,8,,14,3,,5,8,,2539,2395,,1305,924,2127,0.434,162,481,0.337,529,726,0.729,503.0,1236,516,274,87,485.0,776.0,2000,False
12,Arkansas NCAA,34,19,15,0.559,12.37,7.76,,7,9,,11,6,,2,7,,2529,2372,,,931,2168,0.429,292,832,0.351,375,622,0.603,451.0,1159,458,379,120,494.0,705.0,2000,True
13,Arkansas State,28,10,18,0.357,-4.73,-0.48,,7,9,,6,6,,3,10,,2004,2123,,1130,714,1637,0.436,191,569,0.336,385,547,0.704,307.0,951,423,215,66,426.0,552.0,2000,False
14,Arkansas-Pine Bluff,27,6,21,0.222,-24.28,-10.04,,5,13,,4,7,,2,14,,1828,2164,,,667,1568,0.425,95,359,0.265,399,667,0.598,353.0,1042,327,277,91,591.0,534.0,2000,False
15,Army,28,5,23,0.179,-19.89,-6.43,,2,10,,4,9,,1,13,,1482,1796,,1125,536,1476,0.363,132,429,0.308,278,449,0.619,307.0,903,266,222,62,516.0,600.0,2000,False
16,Auburn NCAA,34,24,10,0.706,13.59,8.2,,9,7,,14,1,,3,6,,2423,2188,,1370,874,2118,0.413,227,695,0.327,448,684,0.655,533.0,1335,438,247,110,450.0,582.0,2000,True
17,Austin Peay,28,18,10,0.643,0.94,-3.29,,11,7,,10,4,,7,6,,2110,1949,,1150,797,1618,0.493,160,438,0.365,356,492,0.724,326.0,994,426,175,106,396.0,448.0,2000,False
18,Ball State NCAA,31,22,9,0.71,7.84,3.17,,11,7,,14,1,,4,7,,2300,2138,,1285,834,1840,0.453,215,538,0.4,417,681,0.612,398.0,1138,428,258,131,420.0,530.0,2000,True
19,Baylor,29,14,15,0.483,2.2,4.59,,4,12,,12,7,,1,7,,1933,1966,,1170,686,1622,0.423,207,639,0.324,354,550,0.644,332.0,1034,429,257,129,496.0,492.0,2000,False
20,Belmont,28,7,21,0.25,-10.98,-1.39,,,,,6,9,,1,12,,1923,2107,,,633,1521,0.416,273,776,0.352,384,539,0.712,291.0,919,412,154,46,429.0,538.0,2000,False
21,Bethune-Cookman,29,14,15,0.483,-8.85,-9.63,,12,6,,7,2,,5,12,,2186,2178,,,773,1775,0.435,182,506,0.36,458,686,0.668,372.0,1073,397,242,65,497.0,676.0,2000,False
22,Boise State,27,12,15,0.444,0.54,0.5,,6,10,,7,7,,5,8,,1680,1679,,1085,597,1348,0.443,129,368,0.351,357,549,0.65,296.0,809,291,211,55,476.0,537.0,2000,False
23,Boston College,30,11,19,0.367,4.21,5.07,,3,13,,7,8,,1,9,,2049,2075,,1200,725,1770,0.41,165,547,0.302,434,610,0.711,415.0,1069,348,279,103,492.0,566.0,2000,False
24,Boston University,29,7,22,0.241,-14.27,-6.51,,5,13,,3,7,,3,11,,1758,1987,,1185,627,1524,0.411,172,497,0.346,332,483,0.687,297.0,952,358,185,65,449.0,558.0,2000,False
25,Bowling Green State,30,22,8,0.733,3.34,0.79,,14,4,,12,0,,9,7,,2251,2115,,1210,777,1578,0.492,147,403,0.365,550,740,0.743,252.0,963,466,200,56,436.0,532.0,2000,False
26,Bradley,30,14,16,0.467,5.25,3.88,,10,8,,12,2,,2,10,,1968,1927,,1220,721,1669,0.432,108,361,0.299,418,636,0.657,388.0,1066,400,259,87,452.0,602.0,2000,False
27,Brigham Young,33,22,11,0.667,9.54,3.54,,7,7,,14,2,,6,9,,2328,2107,,1325,795,1725,0.461,192,515,0.373,546,784,0.696,300.0,1118,478,236,73,455.0,640.0,2000,False
28,Brown,27,8,19,0.296,-15.14,-8.95,,4,10,,6,7,,2,12,,1837,2004,,1100,629,1537,0.409,156,485,0.322,423,615,0.688,321.0,937,383,195,57,425.0,582.0,2000,False
29,Bucknell,28,17,11,0.607,-5.5,-6.76,,8,4,,8,5,,7,5,,1790,1719,,,634,1419,0.447,111,346,0.321,411,580,0.709,297.0,983,385,190,131,488.0,545.0,2000,False
30,Buffalo,28,5,23,0.179,-14.0,1.46,,3,15,,4,9,,1,13,,1878,2311,,1130,636,1614,0.394,170,544,0.313,436,661,0.66,332.0,1000,356,197,117,523.0,524.0,2000,False
31,Butler NCAA,31,23,8,0.742,12.23,0.01,,12,2,,13,0,,6,7,,2107,1728,,1250,753,1599,0.471,153,406,0.377,448,680,0.659,322.0,1054,430,237,88,391.0,513.0,2000,True
32,Cal Poly,28,10,18,0.357,-5.59,-0.11,,5,11,,7,9,,3,9,,2189,2280,,1125,739,1655,0.447,227,615,0.369,484,671,0.721,315.0,966,383,150,74,405.0,503.0,2000,False
33,Cal State Fullerton,27,8,19,0.296,-9.37,-1.21,,3,13,,6,7,,2,12,,1940,2104,,1080,700,1554,0.45,163,472,0.345,377,535,0.705,282.0,884,349,165,71,399.0,495.0,2000,False
34,Cal State Northridge,30,20,10,0.667,4.07,0.41,,10,6,,12,1,,7,8,,2329,2208,,1215,858,1812,0.474,202,563,0.359,411,651,0.631,379.0,1110,550,277,94,468.0,678.0,2000,False
35,California,33,18,15,0.545,9.65,8.62,,7,11,,11,6,,4,8,,2375,2341,,1335,850,1926,0.441,180,528,0.341,495,726,0.682,416.0,1175,469,235,89,491.0,596.0,2000,False
36,Campbell,28,12,16,0.429,-13.19,-6.08,,10,8,,6,7,,6,7,,1760,1959,,1120,629,1450,0.434,212,590,0.359,290,416,0.697,266.0,876,404,168,80,421.0,459.0,2000,False
37,Canisius,30,10,20,0.333,-8.87,-3.81,,8,10,,8,4,,1,12,,2189,2341,,1230,783,1817,0.431,173,507,0.341,450,648,0.694,415.0,1135,477,211,103,505.0,618.0,2000,False
38,Centenary (LA),28,10,18,0.357,-9.88,-1.61,,,,,7,2,,3,14,,1780,1924,,1130,618,1511,0.409,153,437,0.35,391,580,0.674,,1000,280,152,51,442.0,587.0,2000,False
39,Central Connecticut State NCAA,31,25,6,0.806,0.42,-9.55,,15,3,,13,1,,7,4,,2282,1973,,1250,832,1845,0.451,148,416,0.356,470,665,0.707,443.0,1262,451,276,156,479.0,554.0,2000,True
40,Central Michigan,29,6,23,0.207,-4.64,2.79,,2,16,,4,9,,2,13,,1985,2175,,1165,718,1635,0.439,190,526,0.361,359,526,0.683,279.0,913,419,178,46,408.0,595.0,2000,False
41,Charleston Southern,29,8,21,0.276,-18.67,-7.1,,3,11,,6,8,,1,12,,1883,2153,,1170,660,1568,0.421,79,320,0.247,484,768,0.63,400.0,1040,303,260,114,649.0,662.0,2000,False
42,Charlotte,33,17,16,0.515,10.98,8.59,,7,9,,9,3,,5,9,,2246,2167,,,797,1986,0.401,266,810,0.328,386,547,0.706,456.0,1344,430,221,78,,,2000,False
43,Chattanooga,29,10,19,0.345,-8.02,-4.64,,6,10,,7,7,,2,8,,2018,2102,,1170,717,1609,0.446,203,540,0.376,381,610,0.625,374.0,1023,406,190,89,459.0,487.0,2000,False
44,Chicago State,28,10,18,0.357,-10.64,-3.04,,7,9,,7,5,,3,12,,1832,2029,,1125,678,1633,0.415,139,442,0.314,337,527,0.639,387.0,1011,392,187,99,436.0,482.0,2000,False
45,Cincinnati NCAA,33,29,4,0.879,24.62,8.5,,16,0,,13,1,,10,1,,2560,2028,,1320,898,1871,0.48,165,459,0.359,599,854,0.701,405.0,1277,513,236,223,448.0,566.0,2000,True
46,Clemson,30,10,20,0.333,1.83,7.39,,4,12,,7,9,,2,8,,1933,2100,,1200,680,1682,0.404,189,570,0.332,384,572,0.671,396.0,1173,389,146,93,462.0,614.0,2000,False
47,Cleveland State,30,16,14,0.533,3.19,-0.16,,9,5,,9,5,,7,7,,2265,2165,,1215,793,1828,0.434,172,495,0.347,508,731,0.695,454.0,1122,358,265,83,488.0,689.0,2000,False
48,Coastal Carolina,28,10,18,0.357,-11.71,-6.64,,7,7,,6,5,,4,12,,1924,2109,,1120,648,1528,0.424,224,551,0.407,404,580,0.697,328.0,871,308,214,45,492.0,574.0,2000,False
49,Colgate,29,13,16,0.448,-11.22,-7.85,,4,8,,6,6,,5,8,,1848,1900,,,673,1611,0.418,112,378,0.296,390,591,0.66,372.0,1062,353,225,85,478.0,550.0,2000,False
50,College of Charleston,30,24,6,0.8,1.0,-7.04,,13,3,,15,1,,7,2,,2035,1759,,1205,746,1588,0.47,111,333,0.333,432,657,0.658,348.0,1095,428,218,180,416.0,478.0,2000,False
51,Colorado,32,18,14,0.563,8.58,6.32,,7,9,,13,3,,2,10,,2407,2299,,1290,844,1979,0.426,154,454,0.339,565,824,0.686,472.0,1288,476,275,116,455.0,615.0,2000,False
52,Colorado State,30,18,12,0.6,8.24,3.48,,8,6,,9,4,,6,6,,2105,1924,,1200,720,1509,0.477,255,579,0.44,410,583,0.703,267.0,925,430,193,133,427.0,537.0,2000,False
53,Columbia,27,13,14,0.481,-11.79,-8.25,,7,7,,6,5,,5,7,,1598,1654,,1085,542,1254,0.432,198,526,0.376,316,455,0.695,194.0,873,359,155,90,,,2000,False
54,Connecticut NCAA,35,25,10,0.714,16.93,7.58,,10,6,,13,3,,6,5,,2611,2284,,1400,956,2071,0.462,184,477,0.386,515,707,0.728,506.0,1373,529,230,179,495.0,596.0,2000,True
55,Coppin State,30,15,15,0.5,-10.66,-9.36,,13,5,,6,5,,7,9,,2017,2056,,1225,691,1693,0.408,177,514,0.344,458,652,0.702,357.0,1026,320,226,122,448.0,543.0,2000,False
56,Cornell,27,10,17,0.37,-13.94,-9.13,,3,11,,5,7,,4,9,,1763,1852,,1110,611,1522,0.401,162,476,0.34,379,571,0.664,353.0,1024,318,200,55,417.0,512.0,2000,False
57,Creighton NCAA,33,23,10,0.697,8.28,1.64,,11,7,,11,3,,7,6,,2410,2191,,1335,819,1717,0.477,289,694,0.416,483,671,0.72,315.0,1084,510,262,77,484.0,605.0,2000,True
58,Dartmouth,27,9,18,0.333,-14.72,-8.49,,5,9,,6,5,,2,13,,1792,1939,,1090,626,1544,0.405,211,656,0.322,329,492,0.669,281.0,908,395,186,67,362.0,499.0,2000,False
59,Davidson,28,15,13,0.536,-2.73,-2.69,,10,6,,10,3,,4,9,,2068,1973,,1125,730,1651,0.442,193,592,0.326,415,584,0.711,329.0,1027,448,223,71,456.0,616.0,2000,False
60,Dayton NCAA,31,22,9,0.71,9.95,3.46,,11,5,,13,2,,7,5,,2214,2013,,1245,752,1735,0.433,218,590,0.369,492,690,0.713,447.0,1153,412,215,70,429.0,559.0,2000,True
61,Delaware,32,24,8,0.75,-0.12,-7.75,,14,4,,14,2,,7,6,,2447,2203,,1285,841,1823,0.461,243,669,0.363,522,693,0.753,301.0,1119,474,264,176,467.0,563.0,2000,False
62,Delaware State,28,6,22,0.214,-17.72,-11.25,,5,13,,4,8,,2,12,,1758,1939,,1150,646,1498,0.431,169,457,0.37,297,435,0.683,318.0,983,359,176,56,521.0,488.0,2000,False
63,Denver,28,6,22,0.214,-12.18,-1.14,,3,13,,5,9,,1,12,,1850,2159,,1120,640,1734,0.369,204,650,0.314,366,566,0.647,377.0,999,372,148,78,398.0,512.0,2000,False
64,DePaul NCAA,33,21,12,0.636,14.67,7.82,,9,7,,12,4,,7,5,,2387,2123,,1335,877,1935,0.453,195,563,0.346,438,655,0.669,518.0,1302,494,267,126,538.0,597.0,2000,True
65,Detroit Mercy,32,20,12,0.625,3.64,0.14,,8,6,,14,0,,5,9,,2229,2064,,1285,779,1732,0.45,228,594,0.384,443,614,0.721,348.0,1085,442,197,94,418.0,554.0,2000,False
66,Drake,29,11,18,0.379,-0.68,0.7,,4,14,,9,5,,1,12,,1803,1843,,1180,621,1529,0.406,166,529,0.314,395,565,0.699,290.0,935,396,212,49,374.0,509.0,2000,False
67,Drexel,30,13,17,0.433,-10.02,-7.12,,9,9,,6,4,,5,11,,1889,1976,,1215,670,1643,0.408,189,529,0.357,360,518,0.695,379.0,1116,336,160,38,430.0,570.0,2000,False
68,Duke NCAA,34,29,5,0.853,25.55,8.88,,15,1,,13,2,,9,0,,2992,2425,,,1045,2172,0.481,284,742,0.383,618,833,0.742,453.0,1313,584,333,191,480.0,552.0,2000,True
69,Duquesne,29,9,20,0.31,-4.57,2.5,,4,12,,7,6,,2,11,,2009,2214,,1160,682,1739,0.392,178,567,0.314,467,687,0.68,392.0,1056,334,177,67,443.0,564.0,2000,False
70,East Carolina,28,10,18,0.357,-5.82,-2.6,,5,11,,7,6,,3,11,,1798,1851,,1125,654,1585,0.413,200,586,0.341,290,461,0.629,355.0,1099,352,98,89,428.0,582.0,2000,False
71,East Tennessee State,29,14,15,0.483,-8.71,-4.97,,8,8,,8,5,,5,9,,2003,2057,,1170,681,1598,0.426,150,415,0.361,491,751,0.654,409.0,1070,334,245,47,496.0,606.0,2000,False
72,Eastern Illinois,29,17,12,0.586,1.79,-1.99,,11,7,,11,2,,6,9,,2336,2157,,1205,860,1824,0.471,206,512,0.402,410,569,0.721,389.0,1110,510,241,92,443.0,536.0,2000,False
73,Eastern Kentucky,27,6,21,0.222,-14.43,-1.71,,2,16,,5,8,,1,13,,1888,2130,,1080,676,1601,0.422,152,503,0.302,384,547,0.702,405.0,1015,370,179,105,516.0,532.0,2000,False
74,Eastern Michigan,28,15,13,0.536,1.45,1.87,,9,9,,10,4,,4,9,,2014,1977,,1155,758,1739,0.436,153,452,0.338,345,537,0.642,410.0,1117,380,226,126,454.0,596.0,2000,False
75,Eastern Washington,27,15,12,0.556,2.26,1.48,,12,4,,10,2,,5,9,,2002,1934,,1080,714,1629,0.438,216,584,0.37,358,526,0.681,345.0,973,433,156,80,365.0,568.0,2000,False
76,Elon,28,13,15,0.464,-11.97,-6.37,,7,7,,11,2,,2,13,,2083,2120,,1130,767,1648,0.465,165,460,0.359,384,555,0.692,359.0,1021,382,258,72,514.0,582.0,2000,False
77,Evansville,30,18,12,0.6,2.68,0.98,,9,9,,12,3,,4,7,,2069,2018,,,721,1594,0.452,155,438,0.354,472,634,0.744,269.0,1005,458,202,59,436.0,506.0,2000,False
78,Fairfield,29,14,15,0.483,-3.2,-2.44,,11,7,,8,2,,5,10,,2222,2244,,1175,752,1782,0.422,157,497,0.316,561,785,0.715,489.0,1196,385,247,70,509.0,570.0,2000,False
79,FDU,28,17,11,0.607,-7.75,-7.97,,13,5,,10,3,,7,7,,1807,1781,,,619,1439,0.43,167,489,0.342,402,634,0.634,365.0,1017,322,210,85,502.0,496.0,2000,False
80,Florida NCAA,37,29,8,0.784,23.48,8.51,,12,4,,14,1,,6,4,,3102,2548,,1500,1104,2299,0.48,266,732,0.363,628,885,0.71,538.0,1452,611,365,141,607.0,750.0,2000,True
81,Florida A&M,31,9,22,0.29,-20.43,-9.43,,7,11,,5,7,,3,10,,1999,2340,,,708,1823,0.388,168,526,0.319,413,713,0.579,443.0,1121,342,273,67,595.0,722.0,2000,False
82,Florida Atlantic,30,2,28,0.067,-23.33,-3.26,,0,18,,1,10,,0,15,,1833,2411,,1200,625,1636,0.382,200,605,0.331,383,539,0.711,339.0,911,345,241,65,593.0,535.0,2000,False
83,Florida International,30,16,14,0.533,-0.45,-2.07,,9,7,,10,8,,6,3,,2167,2079,,1215,787,1794,0.439,175,522,0.335,418,621,0.673,369.0,1108,409,287,138,458.0,536.0,2000,False
84,Florida State,29,12,17,0.414,4.42,10.0,,6,10,,8,5,,3,9,,1874,2036,,1160,656,1591,0.412,175,490,0.357,387,566,0.684,366.0,1075,352,153,120,449.0,483.0,2000,False
85,Fordham,29,14,15,0.483,1.71,2.82,,7,9,,6,5,,6,8,,2189,2221,,,768,1758,0.437,232,638,0.364,421,563,0.748,357.0,1068,453,257,93,479.0,643.0,2000,False
86,Fresno State NCAA,34,24,10,0.706,9.17,3.58,,11,3,,15,4,,7,4,,2799,2609,,,1021,2167,0.471,279,794,0.351,478,680,0.703,422.0,1309,654,282,161,509.0,597.0,2000,True
87,Furman,32,14,18,0.438,-6.39,-5.15,,5,10,,13,7,,1,11,,2252,2190,,,798,1769,0.451,157,504,0.312,499,735,0.679,363.0,1155,449,242,68,,606.0,2000,False
88,George Mason,30,19,11,0.633,1.0,-2.37,,12,4,,12,1,,6,8,,2134,2033,,1220,764,1683,0.454,176,510,0.345,430,656,0.655,346.0,1023,435,235,110,421.0,521.0,2000,False
89,George Washington,30,15,15,0.5,4.55,5.41,,9,7,,8,4,,4,8,,2417,2443,,,818,1998,0.409,179,635,0.282,602,881,0.683,501.0,1132,388,262,87,399.0,669.0,2000,False
90,Georgetown,34,19,15,0.559,6.63,5.78,,6,10,,13,3,,3,9,,2369,2318,,1380,839,2132,0.394,153,521,0.294,538,822,0.655,589.0,1498,448,318,226,615.0,688.0,2000,False
91,Georgia,30,10,20,0.333,5.21,8.71,,3,13,,7,7,,1,10,,2147,2252,,,792,1716,0.462,145,423,0.343,418,641,0.652,406.0,1174,453,164,98,554.0,501.0,2000,False
92,Georgia Southern,28,16,12,0.571,-7.93,-5.45,,10,6,,10,2,,6,9,,2158,2209,,1125,795,1763,0.451,186,530,0.351,382,556,0.687,402.0,977,451,247,73,432.0,565.0,2000,False
93,Georgia State,29,17,12,0.586,-2.76,-6.1,,13,5,,9,5,,7,6,,2082,1985,,,755,1656,0.456,188,506,0.372,384,579,0.663,346.0,989,352,254,125,398.0,530.0,2000,False
94,Georgia Tech,30,13,17,0.433,6.23,7.0,,5,11,,11,5,,0,9,,2119,2142,,1210,725,1778,0.408,242,705,0.343,427,625,0.683,410.0,1167,456,196,147,509.0,516.0,2000,False
95,Gonzaga NCAA,35,26,9,0.743,16.38,4.64,,11,3,,11,1,,8,2,,2719,2310,,1410,965,2014,0.479,260,715,0.364,529,795,0.665,409.0,1325,587,202,150,469.0,651.0,2000,True
96,Grambling,31,1,30,0.032,-27.91,-9.16,,0,18,,1,10,,0,17,,2251,2820,,1240,817,2006,0.407,180,604,0.298,437,671,0.651,469.0,1148,405,268,62,594.0,746.0,2000,False
97,Green Bay,30,14,16,0.467,0.64,1.84,,6,8,,11,3,,1,11,,1699,1735,,,610,1438,0.424,146,428,0.341,333,477,0.698,275.0,891,357,165,60,395.0,515.0,2000,False
98,Hampton,29,17,12,0.586,-8.51,-11.61,,13,5,,7,5,,9,6,,2165,2075,,1175,765,1708,0.448,201,563,0.357,434,671,0.647,371.0,1109,412,231,149,489.0,538.0,2000,False
99,Hartford,29,10,19,0.345,-14.53,-7.42,,6,12,,6,6,,3,11,,2073,2279,,1175,723,1768,0.409,146,461,0.317,481,722,0.666,415.0,1121,362,265,106,546.0,653.0,2000,False
100,Harvard,27,12,15,0.444,-12.75,-9.75,,7,7,,6,7,,6,8,,1780,1829,,1080,660,1582,0.417,178,486,0.366,282,438,0.644,343.0,935,429,233,43,424.0,517.0,2000,False
101,Hawaii,29,17,12,0.586,5.09,2.23,,5,9,,15,4,,1,8,,2210,2127,,1175,818,1696,0.482,131,364,0.36,443,627,0.707,369.0,1066,516,201,107,528.0,576.0,2000,False
102,High Point,28,11,17,0.393,-15.35,-6.07,,5,9,,8,3,,2,13,,1900,2049,,,671,1489,0.451,125,388,0.322,433,651,0.665,288.0,954,361,271,60,551.0,486.0,2000,False
103,Hofstra NCAA,31,24,7,0.774,5.23,-6.03,,16,2,,12,0,,8,6,,2307,1958,,1240,827,1813,0.456,225,627,0.359,428,623,0.687,390.0,1125,435,270,121,415.0,565.0,2000,True
104,Holy Cross,28,10,18,0.357,-11.35,-7.96,,3,9,,4,8,,5,7,,1677,1772,,1120,539,1330,0.405,140,407,0.344,459,756,0.607,352.0,1053,317,183,105,556.0,555.0,2000,False
105,Houston,31,9,22,0.29,1.94,6.44,,2,14,,4,9,,2,10,,2363,2476,,1245,834,1910,0.437,157,471,0.333,538,775,0.694,401.0,1157,407,254,80,504.0,660.0,2000,False
106,Howard,28,1,27,0.036,-26.19,-6.65,,1,17,,1,9,,0,16,,1825,2372,,1125,681,1744,0.39,181,532,0.34,282,442,0.638,338.0,927,325,207,49,482.0,519.0,2000,False
107,Idaho,29,12,17,0.414,-2.92,1.53,,6,10,,6,3,,3,12,,1999,2065,,1175,707,1585,0.446,184,507,0.363,401,594,0.675,298.0,1010,416,172,88,,,2000,False
108,Idaho State,27,8,19,0.296,-5.42,1.18,,3,13,,5,7,,2,10,,1893,2026,,1085,661,1568,0.422,171,467,0.366,400,587,0.681,353.0,995,339,141,86,416.0,568.0,2000,False
109,Illinois NCAA,32,22,10,0.688,19.73,9.6,,11,5,,12,1,,5,5,,2424,2100,,1285,834,1925,0.433,231,652,0.354,525,763,0.688,397.0,1177,499,297,119,458.0,619.0,2000,True
110,Illinois State,30,10,20,0.333,-2.32,2.72,,5,13,,7,6,,2,12,,2031,2150,,1215,710,1585,0.448,167,438,0.381,444,600,0.74,317.0,1011,343,175,90,511.0,577.0,2000,False
111,Illinois-Chicago,31,11,20,0.355,-3.84,0.53,,5,9,,10,6,,1,12,,2048,2153,,,743,1782,0.417,132,410,0.322,430,621,0.692,390.0,1230,398,217,73,,,2000,False
112,Indiana NCAA,29,20,9,0.69,19.43,10.22,,10,6,,10,2,,5,5,,2253,1985,,1175,811,1697,0.478,127,336,0.378,504,711,0.709,329.0,1128,466,217,141,424.0,524.0,2000,True
113,Indiana State NCAA,32,22,10,0.688,6.54,3.23,,14,4,,12,0,,6,7,,2136,2030,,1290,756,1739,0.435,161,453,0.355,463,657,0.705,314.0,1058,406,292,104,421.0,549.0,2000,True
114,Iona NCAA,31,20,11,0.645,-1.22,-4.13,,13,5,,10,2,,8,8,,2443,2353,,1255,846,1877,0.451,147,427,0.344,604,833,0.725,444.0,1272,529,233,216,557.0,607.0,2000,True
115,Iowa,30,14,16,0.467,9.0,11.83,,6,10,,9,4,,3,10,,2064,2149,,1210,700,1711,0.409,187,540,0.346,477,706,0.676,340.0,1043,388,206,55,424.0,678.0,2000,False
116,Iowa State NCAA,37,32,5,0.865,19.09,7.14,,14,2,,18,0,,7,3,,2898,2409,,1495,1038,2140,0.485,190,518,0.367,632,899,0.703,452.0,1422,565,277,119,518.0,566.0,2000,True
117,IU Indy,28,7,21,0.25,-9.99,-3.13,,4,12,,3,9,,3,12,,1719,1905,,,594,1503,0.395,118,368,0.321,407,615,0.662,327.0,913,294,239,81,415.0,497.0,2000,False
118,Jackson State NCAA,33,17,16,0.515,-12.19,-10.38,,10,8,,8,3,,6,10,,2205,2251,,,766,1875,0.409,91,362,0.251,582,911,0.639,528.0,1343,414,252,172,627.0,673.0,2000,True
119,Jacksonville,27,8,19,0.296,-10.95,-7.95,,5,13,,6,7,,2,12,,1914,1965,,,716,1549,0.462,174,492,0.354,308,487,0.632,329.0,879,424,197,77,456.0,483.0,2000,False
120,Jacksonville State,28,17,11,0.607,-7.01,-8.45,,12,6,,10,6,,7,5,,1949,1901,,1135,683,1583,0.431,182,534,0.341,401,604,0.664,370.0,1114,440,170,82,460.0,487.0,2000,False
121,James Madison,29,20,9,0.69,-2.55,-4.55,,12,4,,13,0,,6,8,,2009,1951,,1170,695,1676,0.415,180,568,0.317,439,632,0.695,382.0,1085,363,191,112,415.0,538.0,2000,False
122,Kansas NCAA,34,24,10,0.706,17.94,9.79,,11,5,,14,1,,4,5,,2676,2382,,1365,1044,2269,0.46,159,463,0.343,429,660,0.65,564.0,1505,630,312,187,589.0,725.0,2000,True
123,Kansas City,29,16,13,0.552,-4.22,-5.08,,10,6,,10,3,,5,9,,2126,2005,,1185,765,1566,0.489,126,357,0.353,470,642,0.732,302.0,1015,461,223,96,525.0,563.0,2000,False
124,Kansas State,28,9,19,0.321,1.0,8.32,,2,14,,8,7,,1,11,,1907,2112,,1120,694,1628,0.426,187,508,0.368,332,498,0.667,374.0,1051,377,193,118,530.0,542.0,2000,False
125,Kent State,31,23,8,0.742,10.87,2.21,,13,5,,13,1,,8,6,,2346,2044,,1255,853,1834,0.465,155,420,0.369,485,654,0.742,399.0,1094,496,266,103,433.0,618.0,2000,False
126,Kentucky NCAA,33,23,10,0.697,18.52,12.71,,12,4,,14,0,,5,5,,2280,2074,,1335,793,1873,0.423,188,643,0.292,506,735,0.688,473.0,1300,427,201,185,502.0,537.0,2000,True
127,La Salle,28,11,17,0.393,0.28,3.1,,5,11,,6,5,,3,9,,1845,1924,,1125,645,1629,0.396,223,653,0.342,332,487,0.682,359.0,1003,344,141,113,367.0,450.0,2000,False
128,Lafayette NCAA,31,24,7,0.774,0.41,-8.07,,11,1,,14,1,,9,4,,2280,1986,,1255,774,1704,0.454,249,639,0.39,483,672,0.719,342.0,1109,473,313,104,499.0,558.0,2000,True
129,Lamar NCAA,31,15,16,0.484,-6.15,-3.83,,8,10,,10,2,,3,13,,1949,2021,,1265,672,1725,0.39,216,643,0.336,389,567,0.686,381.0,1128,408,225,86,486.0,530.0,2000,True
130,Lehigh,29,8,21,0.276,-15.4,-6.25,,3,9,,6,7,,1,14,,1885,2046,,,654,1610,0.406,174,461,0.377,403,598,0.674,347.0,1008,373,219,117,373.0,563.0,2000,False
131,Liberty,28,14,14,0.5,-12.24,-8.41,,4,10,,10,4,,4,10,,1916,1912,,1135,724,1745,0.415,87,274,0.318,381,579,0.658,442.0,1054,366,376,65,532.0,603.0,2000,False
132,Little Rock,28,4,24,0.143,-12.17,-2.78,,1,15,,4,11,,0,13,,1885,2148,,1120,662,1493,0.443,182,505,0.36,379,551,0.688,268.0,851,329,151,60,424.0,578.0,2000,False
133,Long Beach State,30,24,6,0.8,8.81,-0.87,,15,1,,13,1,,10,2,,2435,2060,,1205,884,1784,0.496,187,515,0.363,480,698,0.688,387.0,1094,472,280,128,455.0,550.0,2000,False
134,Long Island University,27,8,19,0.296,-16.4,-7.94,,5,13,,3,7,,4,11,,1719,1920,,1095,669,1620,0.413,111,395,0.281,270,439,0.615,322.0,946,333,241,98,452.0,418.0,2000,False
135,Louisiana NCAA,34,25,9,0.735,2.36,-1.58,,13,3,,12,2,,9,4,,2441,2301,,1360,880,2047,0.43,200,601,0.333,479,778,0.616,508.0,901,496,271,115,,212.0,2000,True
136,Louisiana State NCAA,34,28,6,0.824,18.9,5.78,,12,4,,15,1,,5,3,,2578,2132,,1360,915,1880,0.487,196,558,0.351,552,858,0.643,448.0,1373,503,313,180,593.0,549.0,2000,True
137,Louisiana Tech,29,21,8,0.724,1.81,-4.09,,12,4,,10,1,,10,6,,2111,1940,,1160,746,1677,0.445,172,475,0.362,447,671,0.666,370.0,1086,312,199,95,408.0,628.0,2000,False
138,Louisiana-Monroe,28,19,9,0.679,-1.92,-5.85,,13,5,,12,3,,7,6,,2195,2064,,1135,779,1791,0.435,171,519,0.329,464,645,0.719,366.0,1173,443,225,207,481.0,493.0,2000,False
139,Louisville NCAA,31,19,12,0.613,14.93,8.76,,10,6,,13,2,,5,7,,2269,2052,,,849,1823,0.466,165,503,0.328,406,577,0.704,382.0,1045,518,286,136,490.0,569.0,2000,True
140,Loyola (IL),28,14,14,0.5,-4.33,-0.72,,4,10,,12,3,,1,9,,1853,1954,,1125,666,1548,0.43,149,470,0.317,372,522,0.713,321.0,964,407,176,84,,537.0,2000,False
141,Loyola (MD),28,7,21,0.25,-15.44,-5.94,,4,14,,4,7,,1,13,,1833,2099,,1125,672,1561,0.43,131,447,0.293,358,599,0.598,326.0,982,373,205,141,478.0,487.0,2000,False
142,Loyola Marymount,28,2,26,0.071,-16.42,3.24,,0,14,,2,11,,0,14,,1744,2232,,1120,571,1584,0.36,150,494,0.304,452,675,0.67,350.0,984,317,140,79,479.0,568.0,2000,False
143,Maine,31,24,7,0.774,-3.06,-10.06,,15,3,,9,1,,10,4,,2362,2141,,1255,851,1744,0.488,247,660,0.374,413,549,0.752,307.0,1056,478,260,79,486.0,496.0,2000,False
144,Manhattan,27,12,15,0.444,-3.91,-6.94,,9,9,,8,4,,4,8,,2080,1998,,1105,765,1701,0.45,193,567,0.34,357,537,0.665,363.0,960,429,254,82,435.0,663.0,2000,False
145,Marist,28,14,14,0.5,-6.21,-6.54,,10,8,,9,4,,5,9,,1963,1954,,1125,704,1671,0.421,141,439,0.321,414,619,0.669,373.0,1052,375,237,131,400.0,513.0,2000,False
146,Marquette,29,15,14,0.517,7.21,6.83,,8,8,,12,4,,3,9,,1820,1809,,1170,668,1590,0.42,179,512,0.35,305,472,0.646,417.0,1070,360,166,44,452.0,592.0,2000,False
147,Marshall,30,21,9,0.7,5.05,-0.16,,11,7,,13,2,,5,5,,2442,2216,,1210,885,1858,0.476,246,631,0.39,426,602,0.708,366.0,1120,489,239,114,415.0,554.0,2000,False
148,Maryland NCAA,35,25,10,0.714,17.93,9.44,,11,5,,17,1,,4,5,,2683,2386,,1410,1001,2151,0.465,195,553,0.353,486,710,0.685,476.0,1354,667,355,235,570.0,638.0,2000,True
149,Maryland-Baltimore County,29,11,18,0.379,-8.43,-7.36,,7,11,,5,7,,6,9,,1879,1864,,1165,679,1557,0.436,120,373,0.322,401,609,0.658,377.0,1100,392,204,145,496.0,560.0,2000,False
150,Maryland-Eastern Shore,29,12,17,0.414,-17.65,-10.89,,8,10,,6,5,,5,9,,1919,2115,,,647,1578,0.41,152,391,0.389,473,718,0.659,375.0,989,264,212,79,468.0,531.0,2000,False
151,Massachusetts,33,17,16,0.515,7.83,5.04,,9,7,,6,6,,8,8,,2264,2138,,1325,824,1919,0.429,160,472,0.339,456,701,0.65,441.0,1175,416,296,133,480.0,621.0,2000,False
152,McNeese State,27,6,21,0.222,-15.13,-4.43,,5,13,,4,8,,2,13,,1771,2060,,1080,660,1527,0.432,169,473,0.357,282,451,0.625,260.0,909,351,228,71,479.0,487.0,2000,False
153,Memphis,31,15,16,0.484,6.37,5.64,,7,9,,11,6,,4,8,,2270,2230,,1245,811,1931,0.42,168,492,0.341,480,729,0.658,467.0,1204,449,238,137,527.0,608.0,2000,False
154,Mercer,33,12,21,0.364,-10.84,-5.77,,7,11,,5,6,,5,11,,2259,2371,,,832,2007,0.415,205,637,0.322,390,565,0.69,468.0,1260,422,254,81,507.0,595.0,2000,False
155,Miami (FL) NCAA,34,23,11,0.676,11.83,5.39,,13,3,,11,4,,8,3,,2346,2127,,1365,849,1971,0.431,132,440,0.3,516,690,0.748,489.0,1282,498,286,126,504.0,615.0,2000,True
156,Miami (OH),30,15,15,0.5,4.73,3.6,,8,10,,7,5,,6,9,,1920,1886,,1235,673,1612,0.417,222,598,0.371,352,480,0.733,340.0,1020,362,150,56,,,2000,False
157,Michigan,29,15,14,0.517,5.27,9.27,,6,10,,12,5,,3,8,,2190,2306,,1185,780,1708,0.457,174,507,0.343,456,668,0.683,337.0,1082,414,156,123,492.0,621.0,2000,False
158,Michigan State NCAA,39,32,7,0.821,25.04,9.91,,13,3,,14,0,,6,6,,2889,2299,,1570,1018,2148,0.474,253,669,0.378,600,816,0.735,521.0,1521,602,256,105,569.0,721.0,2000,True
159,Middle Tennessee,28,15,13,0.536,-2.4,-2.4,,10,8,,11,3,,4,9,,2143,2121,,1140,746,1613,0.462,193,533,0.362,458,625,0.733,338.0,939,484,278,101,461.0,560.0,2000,False
160,Milwaukee,29,15,14,0.517,2.17,1.67,,6,8,,10,3,,3,10,,2050,2002,,1165,656,1578,0.416,256,701,0.365,482,658,0.733,318.0,921,389,182,27,356.0,512.0,2000,False
161,Minnesota,28,12,16,0.429,6.77,9.62,,4,12,,11,4,,1,11,,1965,2045,,,738,1624,0.454,118,380,0.311,371,585,0.634,385.0,1068,449,186,151,478.0,531.0,2000,False
162,Mississippi,33,19,14,0.576,7.86,6.52,,5,11,,15,4,,2,9,,2355,2271,,1325,827,1873,0.442,196,588,0.333,505,778,0.649,438.0,1237,454,244,122,546.0,703.0,2000,False
163,Mississippi State,30,14,16,0.467,7.12,5.29,,5,11,,10,4,,2,8,,2168,2113,,1205,803,1772,0.453,200,593,0.337,362,541,0.669,404.0,1113,385,184,105,456.0,521.0,2000,False
164,Mississippi Valley State,27,6,21,0.222,-16.61,-8.5,,7,11,,5,4,,2,15,,1973,2200,,,727,1966,0.37,213,700,0.304,306,497,0.616,524.0,1165,296,230,151,454.0,610.0,2000,False
165,Missouri NCAA,31,18,13,0.581,12.55,8.22,,10,6,,10,5,,5,4,,2302,2168,,1245,771,1822,0.423,291,804,0.362,469,661,0.71,335.0,1039,426,275,61,412.0,601.0,2000,True
166,Missouri State,34,23,11,0.676,7.52,4.08,,13,5,,13,3,,6,6,,2257,2140,,1360,800,1788,0.447,220,585,0.376,437,650,0.672,379.0,1272,462,261,136,,,2000,False
167,Monmouth,28,12,16,0.429,-10.29,-7.51,,9,9,,7,5,,5,9,,1624,1702,,1130,564,1368,0.412,173,535,0.323,323,484,0.667,281.0,854,344,216,70,453.0,,2000,False
168,Montana,28,17,11,0.607,2.4,0.47,,12,4,,11,4,,6,6,,2026,1942,,1140,678,1475,0.46,197,493,0.4,473,659,0.718,314.0,1016,428,173,70,436.0,493.0,2000,False
169,Montana State,29,12,17,0.414,-3.92,0.73,,4,12,,10,3,,1,10,,2223,2242,,1165,763,1685,0.453,216,573,0.377,481,609,0.79,251.0,943,527,169,58,402.0,496.0,2000,False
170,Morehead State,27,9,18,0.333,-7.74,-3.16,,4,14,,6,7,,3,11,,2042,2095,,1090,714,1514,0.472,224,560,0.4,390,515,0.757,256.0,823,459,208,36,398.0,467.0,2000,False
171,Morgan State,29,5,24,0.172,-21.56,-8.97,,5,13,,4,8,,1,15,,1884,2247,,,680,1659,0.41,141,451,0.313,383,599,0.639,364.0,1054,328,212,87,560.0,629.0,2000,False
172,Mount St. Mary's,29,9,20,0.31,-15.01,-6.18,,7,11,,5,6,,3,11,,1883,2139,,,690,1727,0.4,181,615,0.294,322,464,0.694,359.0,1112,337,189,82,,,2000,False
173,Murray State,32,23,9,0.719,3.42,-2.39,,14,4,,11,2,,8,4,,2542,2335,,1290,905,1957,0.462,200,623,0.321,532,722,0.737,456.0,1219,455,224,87,464.0,545.0,2000,False
174,Navy,29,23,6,0.793,2.31,-8.17,,11,1,,15,2,,7,4,,2203,1848,,,771,1695,0.455,104,303,0.343,557,862,0.646,459.0,1234,429,352,198,585.0,583.0,2000,False
175,NC State,34,20,14,0.588,12.96,7.49,,6,10,,16,3,,3,8,,2347,2161,,,821,1920,0.428,187,560,0.334,518,789,0.657,453.0,1234,431,311,156,540.0,605.0,2000,False
176,Nebraska,30,11,19,0.367,1.17,6.83,,4,12,,10,6,,0,9,,2050,2220,,,737,1729,0.426,144,434,0.332,432,700,0.617,450.0,1217,406,222,145,529.0,574.0,2000,False
177,Nevada,29,9,20,0.31,-4.29,1.5,,6,10,,7,8,,2,12,,1873,2023,,1170,624,1660,0.376,163,514,0.317,462,634,0.729,394.0,1053,321,160,51,399.0,593.0,2000,False
178,Nevada-Las Vegas NCAA,31,23,8,0.742,9.74,2.52,,10,4,,16,2,,6,4,,2548,2324,,1240,929,2043,0.455,167,528,0.316,523,768,0.681,463.0,1302,623,263,139,549.0,626.0,2000,True
179,New Hampshire,28,3,25,0.107,-25.48,-6.09,,2,16,,2,11,,1,11,,1811,2353,,1120,630,1758,0.358,198,639,0.31,353,522,0.676,379.0,1002,333,222,101,510.0,563.0,2000,False
180,New Mexico,32,18,14,0.563,7.96,4.18,,9,5,,13,7,,5,6,,2323,2185,,1280,811,1782,0.455,155,459,0.338,546,769,0.71,359.0,1151,362,232,145,464.0,667.0,2000,False
181,New Mexico State,32,22,10,0.688,6.25,2.0,,11,5,,13,2,,7,7,,2265,2096,,1295,820,1853,0.443,204,541,0.377,421,660,0.638,452.0,1198,404,223,71,437.0,621.0,2000,False
182,New Orleans,29,11,18,0.379,-4.82,-3.06,,6,10,,7,6,,2,11,,1738,1789,,1165,610,1407,0.434,155,407,0.381,363,507,0.716,,890,364,194,82,454.0,499.0,2000,False
183,Niagara,29,17,12,0.586,-6.55,-5.38,,10,8,,10,2,,6,10,,2241,2275,,1195,753,1796,0.419,229,685,0.334,506,703,0.72,409.0,1065,406,233,117,464.0,606.0,2000,False
184,Nicholls State,28,11,17,0.393,-10.04,-4.5,,8,10,,7,5,,4,11,,1769,1846,,1125,658,1652,0.398,123,368,0.334,330,556,0.594,414.0,994,341,273,71,456.0,527.0,2000,False
185,Norfolk State,28,12,16,0.429,-16.2,-11.37,,11,7,,4,5,,8,8,,2128,2259,,1135,777,1860,0.418,144,480,0.3,430,698,0.616,434.0,1068,319,243,91,437.0,549.0,2000,False
186,North Carolina NCAA,36,22,14,0.611,17.0,11.8,,9,7,,7,5,,5,5,,2715,2528,,1450,1014,2066,0.491,169,492,0.343,518,740,0.7,436.0,1394,609,210,178,536.0,580.0,2000,True
187,North Carolina A&T,29,14,15,0.483,-11.86,-12.15,,11,8,,6,3,,6,10,,2187,2187,,1175,786,1802,0.436,129,395,0.327,486,725,0.67,403.0,988,381,264,75,531.0,403.0,2000,False
188,North Texas,27,7,20,0.259,-10.85,2.07,,5,11,,5,7,,1,12,,2040,2389,,1085,754,1810,0.417,176,568,0.31,356,535,0.665,399.0,1034,394,212,93,451.0,490.0,2000,False
189,Northeastern,28,7,21,0.25,-14.45,-8.41,,5,13,,4,8,,3,12,,1855,2024,,1125,714,1599,0.447,117,348,0.336,310,448,0.692,324.0,911,344,237,114,478.0,565.0,2000,False
190,Northern Arizona NCAA,31,20,11,0.645,4.34,1.37,,11,5,,14,2,,3,8,,2280,2134,,1245,775,1626,0.477,263,673,0.391,467,622,0.751,295.0,1101,493,120,96,514.0,574.0,2000,True
191,Northern Illinois,28,13,15,0.464,1.0,1.56,,7,11,,8,4,,4,11,,1943,1919,,1135,707,1699,0.416,153,451,0.339,376,546,0.689,408.0,1078,368,220,78,454.0,561.0,2000,False
192,Northern Iowa,29,14,15,0.483,0.93,2.52,,7,11,,10,4,,2,10,,1798,1844,,1170,624,1425,0.438,123,362,0.34,427,598,0.714,254.0,921,326,174,89,422.0,502.0,2000,False
193,Northwestern,30,5,25,0.167,-4.86,8.14,,0,16,,5,13,,0,9,,1545,1935,,1205,525,1426,0.368,161,504,0.319,334,483,0.692,245.0,892,367,146,83,484.0,534.0,2000,False
194,Northwestern State,30,17,13,0.567,-7.88,-6.06,,11,7,,11,2,,5,10,,1990,2003,,,719,1775,0.405,147,487,0.302,405,624,0.649,425.0,1105,422,315,111,506.0,625.0,2000,False
195,Notre Dame,37,22,15,0.595,9.57,6.38,,8,8,,17,4,,3,7,,2636,2518,,1490,896,1921,0.466,287,752,0.382,557,751,0.742,385.0,1322,643,287,110,656.0,626.0,2000,False
196,Oakland,30,13,17,0.433,-4.74,-1.32,,11,5,,6,5,,7,10,,2163,2254,,1225,703,1719,0.409,271,805,0.337,486,654,0.743,312.0,1004,442,224,52,486.0,568.0,2000,False
197,Ohio,33,20,13,0.606,7.5,3.53,,11,7,,11,2,,5,8,,2386,2255,,1355,782,1804,0.433,221,647,0.342,601,895,0.672,441.0,1280,517,243,103,565.0,694.0,2000,False
198,Ohio State NCAA,30,23,7,0.767,17.55,6.55,,13,3,,15,2,,7,3,,2182,1852,,1200,797,1748,0.456,145,456,0.318,443,629,0.704,381.0,1126,387,194,200,377.0,521.0,2000,True
199,Oklahoma NCAA,34,27,7,0.794,19.25,6.63,,12,4,,13,2,,6,3,,2546,2117,,1375,917,2004,0.458,263,687,0.383,449,632,0.71,443.0,1254,525,241,89,435.0,643.0,2000,True
200,Oklahoma State NCAA,34,27,7,0.794,20.01,6.59,,12,4,,17,1,,6,3,,2620,2117,,1360,933,1946,0.479,216,559,0.386,538,768,0.701,393.0,1311,642,260,122,484.0,578.0,2000,True
201,Old Dominion,30,11,19,0.367,-3.63,-1.9,,6,10,,7,5,,3,12,,1942,1994,,1220,681,1572,0.433,120,390,0.308,460,689,0.668,352.0,1048,383,214,100,452.0,539.0,2000,False
202,Oral Roberts,30,13,17,0.433,-6.09,-4.23,,8,8,,8,4,,3,9,,2169,2193,,,758,1728,0.439,239,651,0.367,414,621,0.667,298.0,1011,467,199,54,452.0,554.0,2000,False
203,Oregon NCAA,30,22,8,0.733,14.74,8.53,,13,5,,12,3,,8,4,,2269,2047,,1215,808,1722,0.469,172,552,0.312,481,646,0.745,336.0,1037,491,206,88,469.0,592.0,2000,True
204,Oregon State,29,13,16,0.448,6.7,8.74,,5,13,,9,7,,2,8,,2005,2016,,1170,708,1597,0.443,206,571,0.361,383,583,0.657,322.0,1004,447,221,84,476.0,608.0,2000,False
205,Pacific,29,11,18,0.379,-3.35,-0.6,,6,10,,7,6,,3,11,,1809,1882,,1165,622,1503,0.414,173,567,0.305,392,573,0.684,330.0,1015,361,120,38,395.0,520.0,2000,False
206,Penn State,35,19,16,0.543,10.08,8.82,,5,11,,13,4,,2,10,,2572,2528,,,879,1994,0.441,235,676,0.348,579,811,0.714,403.0,1222,526,279,105,536.0,636.0,2000,False
207,Pennsylvania NCAA,29,21,8,0.724,4.0,-2.89,,14,0,,11,2,,9,4,,1942,1742,,,707,1565,0.452,189,538,0.351,339,526,0.644,310.0,1056,436,158,119,369.0,475.0,2000,True
208,Pepperdine NCAA,34,25,9,0.735,13.11,3.34,,12,2,,12,2,,9,4,,2481,2149,,1365,929,2094,0.444,237,688,0.344,386,577,0.669,420.0,1295,494,319,99,504.0,659.0,2000,True
209,Pittsburgh,28,13,15,0.464,3.98,4.41,,5,11,,10,7,,3,7,,1864,1876,,1120,688,1604,0.429,174,543,0.32,314,504,0.623,383.0,1045,459,215,60,465.0,447.0,2000,False
210,Portland,28,10,18,0.357,-3.84,1.92,,4,10,,9,5,,1,12,,1789,1851,,1125,641,1544,0.415,137,452,0.303,370,566,0.654,331.0,953,389,186,104,390.0,502.0,2000,False
211,Portland State,29,15,14,0.517,-0.39,-0.09,,7,9,,9,5,,5,7,,2158,2099,,1165,737,1613,0.457,184,550,0.335,500,745,0.671,351.0,1012,457,222,67,474.0,638.0,2000,False
212,Prairie View,27,7,20,0.259,-22.06,-11.13,,5,13,,4,6,,2,14,,2121,2376,,,773,1878,0.412,174,596,0.292,401,639,0.628,445.0,1189,315,253,134,572.0,609.0,2000,False
213,Princeton,30,19,11,0.633,3.0,-2.93,,11,3,,11,2,,7,6,,1850,1637,,1215,652,1417,0.46,245,667,0.367,301,446,0.675,198.0,894,505,238,146,387.0,474.0,2000,False
214,Providence,30,11,19,0.367,1.04,5.28,,4,12,,7,9,,4,7,,1925,1988,,1210,728,1822,0.4,136,448,0.304,333,532,0.626,461.0,1141,383,245,141,532.0,628.0,2000,False
215,Purdue NCAA,34,24,10,0.706,16.87,9.56,,12,4,,12,2,,8,4,,2505,2246,,1370,849,1914,0.444,206,589,0.35,601,879,0.684,473.0,1225,482,261,104,505.0,597.0,2000,True
216,Quinnipiac,28,18,10,0.643,-10.09,-9.2,,12,6,,10,3,,7,7,,2059,2068,,1140,739,1598,0.462,132,372,0.355,449,654,0.687,322.0,1009,466,220,105,520.0,627.0,2000,False
217,Radford,28,18,10,0.643,-5.99,-7.92,,12,2,,9,1,,8,8,,2057,1975,,1120,709,1640,0.432,211,594,0.355,428,628,0.682,350.0,991,372,257,117,543.0,543.0,2000,False
218,Rhode Island,30,5,25,0.167,-8.54,5.73,,2,14,,1,10,,2,12,,1869,2297,,,673,1662,0.405,128,390,0.328,395,632,0.625,356.0,1044,331,209,111,541.0,539.0,2000,False
219,Rice,27,5,22,0.185,-9.42,3.26,,1,13,,5,7,,0,13,,1554,1836,,1095,536,1430,0.375,123,419,0.294,359,518,0.693,353.0,1019,310,152,70,511.0,558.0,2000,False
220,Richmond,30,18,12,0.6,2.42,-1.55,,11,5,,8,6,,7,5,,2011,1892,,1210,729,1615,0.451,220,600,0.367,333,478,0.697,313.0,986,448,199,155,407.0,472.0,2000,False
221,Rider,30,16,14,0.533,-6.6,-6.7,,8,10,,8,4,,6,9,,2116,2113,,1210,724,1614,0.449,190,531,0.358,478,699,0.684,337.0,1001,432,256,105,485.0,600.0,2000,False
222,Robert Morris,30,18,12,0.6,-5.8,-7.8,,13,5,,9,3,,7,6,,2123,2010,,1230,766,1714,0.447,143,437,0.327,448,641,0.699,314.0,1069,470,241,56,419.0,524.0,2000,False
223,Rutgers,31,15,16,0.484,6.62,4.4,,6,10,,8,5,,4,7,,2175,2106,,,743,1679,0.443,182,488,0.373,507,777,0.653,390.0,1110,455,224,107,475.0,610.0,2000,False
224,Sacramento State,27,9,18,0.333,-7.38,0.54,,3,13,,7,6,,1,12,,1676,1854,,,616,1548,0.398,147,467,0.315,297,442,0.672,316.0,886,320,240,95,,,2000,False
225,Sacred Heart,28,3,25,0.107,-23.24,-6.77,,2,16,,3,11,,0,14,,1853,2315,,,683,1610,0.424,145,444,0.327,342,544,0.629,338.0,999,393,200,86,550.0,493.0,2000,False
226,Saint Francis (PA),28,10,18,0.357,-11.68,-8.14,,7,11,,7,6,,3,11,,1805,1904,,,648,1541,0.421,187,518,0.361,322,456,0.706,309.0,904,403,171,60,361.0,453.0,2000,False
227,Saint Joseph's,29,13,16,0.448,5.45,5.72,,7,9,,6,7,,4,9,,2043,2051,,,699,1671,0.418,216,612,0.353,429,602,0.713,388.0,1083,443,154,77,,,2000,False
228,Saint Louis NCAA,33,19,14,0.576,8.99,8.39,,7,9,,13,3,,2,9,,2124,2104,,1325,729,1696,0.43,146,432,0.338,520,758,0.686,394.0,1164,401,254,126,586.0,665.0,2000,True
229,Saint Mary's (CA),28,8,20,0.286,-7.4,2.19,,3,11,,7,5,,1,14,,1701,1942,,,597,1594,0.375,191,563,0.339,316,475,0.665,362.0,1119,352,163,98,,,2000,False
230,Saint Peter's,28,5,23,0.179,-14.31,-5.31,,2,16,,4,9,,1,13,,1958,2210,,1125,739,1675,0.441,70,274,0.255,410,552,0.743,345.0,968,420,200,87,454.0,559.0,2000,False
231,Sam Houston,29,22,7,0.759,-0.74,-5.44,,15,3,,12,1,,8,5,,2130,1968,,,750,1612,0.465,175,499,0.351,455,690,0.659,354.0,1120,495,293,73,508.0,597.0,2000,False
232,Samford NCAA,32,21,11,0.656,3.2,-5.8,,12,6,,10,2,,6,6,,2323,1998,,,825,1649,0.5,313,804,0.389,360,515,0.699,267.0,996,543,230,102,438.0,532.0,2000,True
233,San Diego,29,20,9,0.69,7.3,0.45,,10,4,,11,2,,7,5,,2049,1815,,,673,1538,0.438,181,502,0.361,522,767,0.681,370.0,1135,380,181,69,456.0,543.0,2000,False
234,San Diego State,28,5,23,0.179,-9.09,4.54,,0,14,,5,10,,0,13,,1745,2097,,1135,619,1513,0.409,120,401,0.299,387,569,0.68,291.0,884,376,202,64,494.0,548.0,2000,False
235,San Francisco,28,19,9,0.679,6.22,0.67,,7,7,,11,4,,8,5,,2004,1811,,1125,682,1521,0.448,156,431,0.362,484,703,0.688,366.0,1087,417,216,109,473.0,539.0,2000,False
236,San Jose State,30,15,15,0.5,0.98,3.79,,6,8,,10,3,,4,9,,1797,1792,,,666,1595,0.418,131,406,0.323,334,572,0.584,390.0,1097,318,138,87,410.0,531.0,2000,False
237,Santa Clara,31,19,12,0.613,3.71,3.51,,9,5,,11,4,,6,6,,2049,2026,,,703,1765,0.398,181,560,0.323,462,663,0.697,380.0,1158,417,217,70,413.0,626.0,2000,False
238,Seton Hall NCAA,32,22,10,0.688,10.64,5.11,,10,6,,13,4,,5,2,,2295,2118,,1300,807,1865,0.433,250,685,0.365,431,636,0.678,431.0,1211,458,225,198,476.0,551.0,2000,True
239,Siena,33,24,9,0.727,1.23,-4.62,,15,3,,16,2,,7,5,,2862,2669,,1330,961,2166,0.444,283,721,0.393,657,876,0.75,495.0,1338,585,297,117,590.0,790.0,2000,False
240,South Alabama,30,20,10,0.667,0.41,-3.15,,13,3,,12,2,,7,7,,2083,1976,,1215,731,1561,0.468,166,442,0.376,455,688,0.661,342.0,969,443,247,52,488.0,561.0,2000,False
241,South Carolina,32,15,17,0.469,9.97,8.78,,5,11,,10,6,,2,8,,2190,2152,,,796,1821,0.437,238,668,0.356,358,584,0.613,423.0,1096,446,269,109,472.0,533.0,2000,False
242,South Carolina State NCAA,34,20,14,0.588,-10.41,-9.38,,14,5,,8,3,,8,9,,2386,2422,,1365,829,2117,0.392,213,638,0.334,515,765,0.673,590.0,1393,370,237,138,485.0,485.0,2000,True
243,South Florida,31,17,14,0.548,8.7,3.92,,8,8,,12,2,,4,10,,2393,2247,,1255,860,1878,0.458,208,572,0.364,465,726,0.64,404.0,1294,529,321,122,541.0,619.0,2000,False
244,Southeast Missouri State NCAA,31,24,7,0.774,4.41,-2.48,,14,4,,14,1,,7,5,,2154,1911,,1250,748,1680,0.445,193,558,0.346,465,662,0.702,346.0,1140,383,188,164,478.0,542.0,2000,True
245,Southeastern Louisiana,27,10,17,0.37,-13.0,-5.16,,5,13,,7,6,,3,11,,1606,1769,,1085,556,1362,0.408,171,505,0.339,323,478,0.676,303.0,901,314,212,56,,,2000,False
246,Southern,29,18,11,0.621,-14.26,-14.41,,14,4,,10,2,,6,8,,2163,2115,,,749,1727,0.434,146,414,0.353,519,817,0.635,413.0,1064,297,294,80,610.0,612.0,2000,False
247,Southern California,30,16,14,0.533,14.17,8.77,,9,9,,10,3,,4,8,,2342,2180,,1210,842,1840,0.458,190,521,0.365,468,672,0.696,402.0,1092,518,275,120,458.0,538.0,2000,False
248,Southern Illinois,33,20,13,0.606,7.53,4.29,,12,6,,10,3,,7,8,,2346,2239,,1325,806,1915,0.421,215,623,0.345,519,784,0.662,438.0,1251,512,234,66,532.0,659.0,2000,False
249,Southern Methodist,30,21,9,0.7,7.7,1.39,,9,5,,13,2,,7,6,,2318,2094,,,807,1978,0.408,192,637,0.301,512,790,0.648,547.0,1298,418,278,107,377.0,520.0,2000,False
250,Southern Mississippi,29,17,12,0.586,5.51,4.2,,7,9,,9,4,,5,7,,1921,1883,,1170,654,1550,0.422,141,417,0.338,472,673,0.701,353.0,1051,323,197,149,494.0,541.0,2000,False
251,Southern Utah,29,16,13,0.552,-3.14,-3.99,,10,6,,12,1,,2,11,,2112,2067,,1160,733,1647,0.445,219,598,0.366,427,604,0.707,324.0,900,436,354,83,459.0,625.0,2000,False
252,St. Bonaventure NCAA,31,21,10,0.677,9.45,5.29,,11,5,,11,2,,6,7,,2136,2007,,1255,767,1716,0.447,177,512,0.346,425,643,0.661,431.0,1131,386,257,87,488.0,560.0,2000,True
253,St. Francis (NY),30,18,12,0.6,-6.12,-7.98,,12,6,,8,4,,7,7,,2325,2249,,1205,822,1879,0.437,255,733,0.348,426,610,0.698,379.0,1091,470,252,94,466.0,658.0,2000,False
254,St. John's (NY) NCAA,33,25,8,0.758,14.26,6.96,,12,4,,16,1,,8,5,,2433,2192,,,929,2002,0.464,149,474,0.314,426,629,0.677,,1133,541,352,89,399.0,631.0,2000,True
255,Stanford NCAA,31,27,4,0.871,25.65,7.12,,15,3,,12,2,,10,1,,2447,1850,,1255,819,1750,0.468,245,613,0.4,564,794,0.71,399.0,1309,539,141,167,450.0,518.0,2000,True
256,Stephen F. Austin,27,6,21,0.222,-12.81,-4.97,,3,15,,3,12,,3,9,,1834,1982,,,653,1488,0.439,172,519,0.331,356,536,0.664,295.0,872,379,239,94,490.0,581.0,2000,False
257,Stetson,28,13,15,0.464,-11.94,-8.23,,8,10,,6,5,,7,8,,1912,1985,,1120,695,1664,0.418,112,342,0.327,410,634,0.647,470.0,1129,351,175,77,397.0,544.0,2000,False
258,Stony Brook,29,6,23,0.207,-17.19,-2.38,,,,,3,9,,3,12,,1648,2069,,1160,568,1480,0.384,182,544,0.335,331,515,0.643,293.0,902,320,212,62,530.0,525.0,2000,False
259,Syracuse NCAA,32,26,6,0.813,17.67,6.2,,13,3,,17,1,,7,3,,2400,2033,,1285,876,1869,0.469,171,483,0.354,477,677,0.705,440.0,1199,564,286,167,448.0,506.0,2000,True
260,TCU,32,18,14,0.563,5.91,2.81,,8,6,,12,5,,4,6,,2813,2691,,1295,966,2135,0.452,260,685,0.38,621,812,0.765,479.0,1273,609,293,204,492.0,632.0,2000,False
261,Temple NCAA,33,27,6,0.818,20.63,6.94,,14,2,,16,0,,9,4,,2260,1808,,1325,790,1913,0.413,274,787,0.348,406,619,0.656,497.0,1287,471,312,140,324.0,459.0,2000,True
262,Tennessee NCAA,33,26,7,0.788,18.93,8.12,,12,4,,14,1,,9,3,,2629,2239,,1335,909,2019,0.45,266,736,0.361,545,798,0.683,480.0,1314,481,290,193,520.0,618.0,2000,True
263,Tennessee State,29,7,22,0.241,-13.72,-2.24,,6,12,,5,5,,1,14,,1964,2297,,,658,1713,0.384,212,694,0.305,436,624,0.699,369.0,1004,331,203,62,448.0,556.0,2000,False
264,Tennessee Tech,28,16,12,0.571,0.01,-3.64,,11,7,,11,2,,5,10,,2279,2068,,1150,734,1654,0.444,279,757,0.369,532,693,0.768,394.0,1025,447,214,58,375.0,555.0,2000,False
265,Tennessee-Martin,29,10,19,0.345,-8.1,-0.03,,7,11,,8,5,,2,14,,1979,2169,,1160,704,1697,0.415,123,406,0.303,448,629,0.712,426.0,1019,376,271,45,522.0,594.0,2000,False
266,Texas NCAA,33,24,9,0.727,20.43,9.61,,13,3,,13,1,,6,6,,2460,2103,,1320,876,1870,0.468,185,489,0.378,523,810,0.646,431.0,1296,481,244,168,515.0,594.0,2000,True
267,Texas A&M,28,8,20,0.286,-3.85,5.47,,4,12,,5,7,,1,12,,1825,2086,,1135,644,1565,0.412,179,562,0.319,358,534,0.67,365.0,996,394,205,54,475.0,528.0,2000,False
268,Texas Southern,29,15,14,0.517,-12.64,-13.44,,10,8,,6,6,,7,6,,2131,2078,,1175,760,1750,0.434,177,562,0.315,434,638,0.68,415.0,1139,332,266,51,500.0,533.0,2000,False
269,Texas State,29,12,17,0.414,-7.49,-5.52,,8,10,,7,6,,4,9,,1989,1992,,1180,688,1574,0.437,168,439,0.383,445,661,0.673,343.0,1070,404,162,28,406.0,566.0,2000,False
270,Texas Tech,28,12,16,0.429,3.32,5.69,,3,13,,8,6,,4,9,,1969,2020,,1120,689,1565,0.44,161,475,0.339,430,593,0.725,293.0,1004,370,172,137,418.0,460.0,2000,False
271,Texas-Rio Grande Valley,28,12,16,0.429,-8.28,-0.19,,,,,9,5,,3,11,,2016,2168,,1145,706,1582,0.446,191,529,0.361,413,582,0.71,312.0,928,371,249,67,515.0,601.0,2000,False
272,The Citadel,29,9,20,0.31,-15.55,-5.67,,5,10,,5,8,,3,8,,1891,2109,,,631,1565,0.403,191,546,0.35,438,655,0.669,355.0,1019,316,213,83,505.0,633.0,2000,False
273,Toledo,31,18,13,0.581,4.68,2.56,,11,7,,8,3,,7,7,,2197,2131,,1260,757,1746,0.434,225,646,0.348,458,669,0.685,404.0,1191,409,202,66,529.0,602.0,2000,False
274,Towson,28,11,17,0.393,-10.38,-9.1,,7,11,,5,7,,6,9,,1901,1937,,1140,668,1525,0.438,179,482,0.371,386,561,0.688,301.0,943,397,220,82,480.0,520.0,2000,False
275,Troy,28,17,11,0.607,-5.94,-8.61,,13,5,,12,1,,4,8,,2080,1979,,,710,1567,0.453,253,625,0.405,407,544,0.748,288.0,973,332,157,82,349.0,457.0,2000,False
276,Tulane,31,20,11,0.645,5.79,3.54,,8,8,,15,2,,4,8,,2102,2032,,,765,1772,0.432,124,396,0.313,448,739,0.606,436.0,1155,431,298,100,502.0,609.0,2000,False
277,Tulsa NCAA,37,32,5,0.865,19.94,2.42,,12,2,,13,1,,11,3,,2974,2326,,1490,1050,2223,0.472,264,764,0.346,610,865,0.705,480.0,1390,631,433,175,571.0,730.0,2000,True
278,UAB,28,14,14,0.5,3.4,4.94,,7,9,,12,2,,1,10,,2053,2096,,1130,737,1771,0.416,145,466,0.311,434,664,0.654,411.0,1084,365,257,87,451.0,566.0,2000,False
279,UC Irvine,28,14,14,0.5,-3.51,-0.78,,7,9,,9,5,,4,8,,1877,1893,,1120,655,1472,0.445,169,483,0.35,398,537,0.741,271.0,907,345,176,70,416.0,547.0,2000,False
280,UC Santa Barbara,28,14,14,0.5,1.04,0.15,,10,6,,9,5,,5,9,,1869,1823,,1120,659,1590,0.414,171,510,0.335,380,551,0.69,351.0,1104,426,211,75,454.0,521.0,2000,False
281,UCF,32,14,18,0.438,-6.47,-4.85,,10,8,,9,5,,4,9,,2293,2320,,1290,837,1854,0.451,233,586,0.398,386,608,0.635,390.0,1132,473,233,119,486.0,590.0,2000,False
282,UCLA NCAA,33,21,12,0.636,15.29,10.11,,10,8,,13,4,,4,6,,2492,2321,,1330,952,1984,0.48,205,552,0.371,383,652,0.587,447.0,1252,545,282,145,549.0,626.0,2000,True
283,UNC Asheville,30,11,19,0.367,-11.53,-3.66,,7,7,,10,4,,1,15,,2074,2281,,1200,686,1578,0.435,174,439,0.396,528,701,0.753,329.0,1080,419,223,114,600.0,565.0,2000,False
284,UNC Greensboro,28,15,13,0.536,-7.71,-6.15,,9,7,,9,3,,6,9,,2007,2024,,1130,706,1549,0.456,139,380,0.366,456,618,0.738,347.0,1027,379,176,87,463.0,501.0,2000,False
285,UNC Wilmington NCAA,31,18,13,0.581,2.41,-0.24,,8,8,,11,0,,4,11,,1863,1781,,1245,667,1609,0.415,176,473,0.372,353,561,0.629,323.0,1075,375,221,67,566.0,566.0,2000,True
286,UT Arlington,27,15,12,0.556,-4.7,-5.86,,11,7,,9,5,,6,7,,2106,2049,,,757,1818,0.416,247,725,0.341,345,516,0.669,400.0,995,250,271,47,495.0,446.0,2000,False
287,Utah NCAA,32,23,9,0.719,12.23,4.36,,10,4,,17,0,,4,7,,2252,1979,,1280,782,1624,0.482,222,574,0.387,466,648,0.719,326.0,1077,496,198,89,462.0,586.0,2000,True
288,Utah State NCAA,34,28,6,0.824,8.83,1.89,,16,0,,15,1,,10,3,,2397,2080,,1365,879,1888,0.466,194,536,0.362,445,709,0.628,415.0,1233,487,235,126,453.0,580.0,2000,True
289,UTEP,28,13,15,0.464,5.95,3.23,,4,10,,11,6,,2,9,,2158,2082,,,768,1601,0.48,159,439,0.362,463,673,0.688,327.0,984,455,199,87,413.0,678.0,2000,False
290,UTSA,28,15,13,0.536,-4.38,-4.59,,12,6,,10,3,,5,10,,2149,2102,,1125,759,1753,0.433,188,568,0.331,443,740,0.599,521.0,1240,449,243,114,514.0,546.0,2000,False
291,Valparaiso NCAA,32,19,13,0.594,-2.89,-3.71,,10,6,,11,1,,4,8,,2128,2006,,,758,1702,0.445,228,619,0.368,384,590,0.651,399.0,1172,459,236,120,535.0,556.0,2000,True
292,Vanderbilt,30,19,11,0.633,12.64,7.54,,8,8,,14,4,,4,6,,2243,2090,,1210,782,1710,0.457,222,607,0.366,457,624,0.732,314.0,1014,457,214,63,442.0,543.0,2000,False
293,Vermont,28,16,12,0.571,-9.78,-8.25,,11,7,,9,2,,7,9,,2005,2048,,,727,1741,0.418,172,490,0.351,379,591,0.641,401.0,1078,388,200,103,377.0,504.0,2000,False
294,Villanova,33,20,13,0.606,7.62,6.74,,8,8,,13,3,,4,9,,2308,2279,,,811,1909,0.425,207,607,0.341,479,679,0.705,441.0,1264,516,243,162,544.0,565.0,2000,False
295,Virginia,31,19,12,0.613,12.29,6.22,,9,7,,11,3,,5,7,,2526,2338,,1270,879,1950,0.451,211,646,0.327,557,822,0.678,393.0,1125,440,272,95,484.0,659.0,2000,False
296,Virginia Commonwealth,28,14,14,0.5,-4.88,-1.8,,7,9,,12,4,,2,10,,1957,2043,,1160,707,1729,0.409,150,514,0.292,393,598,0.657,420.0,1117,369,220,151,485.0,527.0,2000,False
297,VMI,29,6,23,0.207,-14.9,-2.7,,1,15,,5,9,,0,13,,2064,2247,,1170,747,1846,0.405,171,566,0.302,399,644,0.62,404.0,1081,383,279,97,544.0,616.0,2000,False
298,Virginia Tech,31,16,15,0.516,3.0,2.45,,8,8,,9,4,,4,9,,1997,1980,,1255,720,1647,0.437,126,422,0.299,431,655,0.658,377.0,1082,383,230,155,507.0,582.0,2000,False
299,Wagner,27,11,16,0.407,-9.07,-9.72,,6,12,,6,5,,4,11,,2097,2040,,1085,778,1847,0.421,208,597,0.348,333,465,0.716,370.0,957,464,309,55,445.0,551.0,2000,False
300,Wake Forest,36,22,14,0.611,14.2,8.95,,7,9,,12,4,,6,6,,2512,2323,,,911,2100,0.434,159,515,0.309,531,788,0.674,517.0,1379,479,218,146,499.0,641.0,2000,False
301,Washington,30,10,20,0.333,2.46,9.98,,5,13,,4,8,,6,10,,1981,2183,,1220,728,1767,0.412,160,468,0.342,365,551,0.662,359.0,1053,399,200,116,498.0,569.0,2000,False
302,Washington State,28,6,22,0.214,-1.91,7.66,,1,17,,5,8,,1,12,,1778,2046,,1140,613,1482,0.414,171,464,0.369,381,543,0.702,331.0,879,301,180,68,497.0,590.0,2000,False
303,Weber State,28,18,10,0.643,1.98,0.46,,10,6,,10,3,,5,6,,2165,2056,,1120,724,1569,0.461,177,491,0.36,540,718,0.752,281.0,984,434,201,66,537.0,537.0,2000,False
304,West Virginia,28,14,14,0.5,3.65,5.0,,6,10,,9,6,,4,7,,1974,2012,,1125,736,1634,0.45,152,460,0.33,350,536,0.653,391.0,1046,433,203,123,471.0,504.0,2000,False
305,Western Carolina,28,14,14,0.5,-10.42,-4.94,,7,9,,9,3,,4,10,,2153,2248,,1120,813,1797,0.452,167,520,0.321,360,518,0.695,368.0,1021,446,242,69,449.0,535.0,2000,False
306,Western Illinois,30,8,22,0.267,-9.75,-2.68,,3,13,,4,8,,2,12,,1975,2123,,1205,716,1640,0.437,210,567,0.37,333,488,0.682,372.0,1062,482,201,49,556.0,534.0,2000,False
307,Western Kentucky,29,11,18,0.379,-4.01,-1.46,,8,8,,7,3,,3,12,,1995,2069,,1175,728,1642,0.443,169,499,0.339,370,558,0.663,369.0,1112,384,153,119,528.0,578.0,2000,False
308,Western Michigan,28,10,18,0.357,-3.38,1.87,,6,12,,7,5,,3,12,,2044,2191,,1140,715,1682,0.425,159,503,0.316,455,668,0.681,361.0,1003,360,194,70,440.0,636.0,2000,False
309,Wichita State,29,12,17,0.414,0.57,1.92,,5,13,,10,6,,1,10,,1925,1954,,1160,648,1593,0.407,190,591,0.321,439,621,0.707,369.0,1014,407,241,58,453.0,680.0,2000,False
310,William & Mary,28,11,17,0.393,-5.55,-0.92,,6,10,,9,4,,1,12,,1922,1994,,1130,678,1593,0.426,188,537,0.35,378,535,0.707,310.0,990,394,163,122,431.0,527.0,2000,False
311,Winthrop NCAA,30,21,9,0.7,-1.04,-7.41,,11,3,,13,1,,7,7,,2193,1941,,1220,733,1719,0.426,251,702,0.358,476,717,0.664,394.0,1171,406,215,104,474.0,584.0,2000,True
312,Wisconsin NCAA,36,22,14,0.611,16.67,12.5,,8,8,,11,3,,5,9,,2157,2007,,,765,1793,0.427,207,602,0.344,420,617,0.681,298.0,1107,478,236,102,408.0,658.0,2000,True
313,Wofford,30,14,16,0.467,-7.64,-2.89,,8,8,,10,1,,2,14,,2078,2184,,1205,721,1756,0.411,214,634,0.338,422,623,0.677,370.0,1060,383,184,91,389.0,555.0,2000,False
314,Wright State,28,11,17,0.393,-5.22,-0.15,,6,8,,11,3,,0,13,,1717,1859,,1120,567,1309,0.433,139,419,0.332,444,603,0.736,244.0,881,328,171,53,480.0,508.0,2000,False
315,Wyoming,31,19,12,0.613,6.88,2.84,,8,6,,12,1,,5,9,,2567,2401,,,916,2085,0.439,222,635,0.35,513,727,0.706,450.0,1260,501,249,102,441.0,612.0,2000,False
316,Xavier,33,21,12,0.636,9.36,3.42,,9,7,,15,1,,3,9,,2481,2285,,1325,856,1979,0.433,220,627,0.351,549,773,0.71,509.0,1260,474,261,118,540.0,599.0,2000,False
317,Yale,27,7,20,0.259,-15.73,-8.47,,5,9,,6,5,,1,13,,1585,1781,,1095,563,1436,0.392,103,372,0.277,356,530,0.672,327.0,963,267,160,83,439.0,512.0,2000,False
318,Youngstown State,28,12,16,0.429,-8.07,-3.66,,9,7,,6,6,,5,8,,1876,1974,,1130,696,1593,0.437,154,479,0.322,330,484,0.682,316.0,1039,410,198,94,429.0,622.0,2000,False
